gene,n_regulators,r2_base_model,r2_full_model,improvement_from_regulators,has_significant_interactions,interaction_p_value,regulator_types
MOC2A_CHLRE_FUN_005353,30,0.47696357204571305,0.9885777114644118,0.5116141394186987,True,0.0001397098563425958,"['mirna_Cluster_16354', 'mirna_Cluster_14532', 'mirna_Cluster_3301', 'mirna_Cluster_2500', 'mirna_Cluster_5516', 'mirna_Cluster_17245', 'mirna_Cluster_4036', 'mirna_Cluster_2372', 'mirna_Cluster_9420', 'mirna_Cluster_15097', 'lncrna_lncRNA_3220', 'lncrna_lncRNA_51246', 'lncrna_lncRNA_10198', 'lncrna_lncRNA_18420', 'lncrna_lncRNA_13659', 'lncrna_lncRNA_25971', 'lncrna_lncRNA_2970', 'lncrna_lncRNA_42893', 'lncrna_lncRNA_51248', 'lncrna_lncRNA_25952', 'methylation_CpG_ptg000030l_2148033', 'methylation_CpG_ptg000022l_5440529', 'methylation_CpG_ptg000030l_2148141', 'methylation_CpG_ptg000027l_13568474', 'methylation_CpG_ptg000027l_13568498', 'methylation_CpG_ptg000030l_2148108', 'methylation_CpG_ptg000030l_2148069', 'methylation_CpG_ptg000030l_2148096', 'methylation_CpG_ptg000027l_11257209', 'methylation_CpG_ptg000018l_13662264']"
IF2P_HUMAN_FUN_006986,30,0.1777762926646751,0.9961308499333124,0.8183545572686373,True,1.6913512967953181e-07,"['mirna_Cluster_16354', 'mirna_Cluster_14532', 'mirna_Cluster_5516', 'mirna_Cluster_15097', 'mirna_Cluster_2746', 'mirna_Cluster_3301', 'mirna_Cluster_11565', 'mirna_Cluster_17245', 'mirna_Cluster_14605', 'mirna_Cluster_2372', 'lncrna_lncRNA_38494', 'lncrna_lncRNA_38493', 'lncrna_lncRNA_19766', 'lncrna_lncRNA_48693', 'lncrna_lncRNA_48694', 'lncrna_lncRNA_38496', 'lncrna_lncRNA_38492', 'lncrna_lncRNA_14655', 'lncrna_lncRNA_20418', 'lncrna_lncRNA_38491', 'methylation_CpG_ptg000047l_4021399', 'methylation_CpG_ptg000023l_29344852', 'methylation_CpG_ptg000004l_4757204', 'methylation_CpG_ptg000011l_8393678', 'methylation_CpG_ptg000031l_8422874', 'methylation_CpG_ptg000047l_4021443', 'methylation_CpG_ptg000023l_35051554', 'methylation_CpG_ptg000031l_10997083', 'methylation_CpG_ptg000031l_8422870', 'methylation_CpG_ptg000011l_967757']"
FUN_043265,20,0.7924225111877978,0.9454594502065543,0.15303693901875648,True,0.01487557867170819,"['lncrna_lncRNA_368', 'lncrna_lncRNA_088', 'lncrna_lncRNA_372', 'lncrna_lncRNA_25870', 'lncrna_lncRNA_236', 'lncrna_lncRNA_373', 'lncrna_lncRNA_38739', 'lncrna_lncRNA_37613', 'lncrna_lncRNA_37612', 'lncrna_lncRNA_43070', 'methylation_CpG_ptg000031l_8422874', 'methylation_CpG_ptg000027l_11257209', 'methylation_CpG_ptg000008l_25384626', 'methylation_CpG_ptg000030l_3155863', 'methylation_CpG_ptg000031l_8422870', 'methylation_CpG_ptg000023l_17397288', 'methylation_CpG_ptg000022l_5440529', 'methylation_CpG_ptg000027l_11257181', 'methylation_CpG_ntLink_6_13134796', 'methylation_CpG_ntLink_6_13134052']"
FUN_009430,24,0.08466908972573084,0.9403399620398247,0.8556708723140939,True,2.633170330423873e-05,"['mirna_Cluster_17173', 'mirna_Cluster_17192', 'mirna_Cluster_11565', 'mirna_Cluster_3301', 'lncrna_lncRNA_11081', 'lncrna_lncRNA_2667', 'lncrna_lncRNA_14762', 'lncrna_lncRNA_4478', 'lncrna_lncRNA_3335', 'lncrna_lncRNA_33536', 'lncrna_lncRNA_33535', 'lncrna_lncRNA_8827', 'lncrna_lncRNA_4489', 'lncrna_lncRNA_093', 'methylation_CpG_ptg000023l_17397340', 'methylation_CpG_ptg000004l_4757198', 'methylation_CpG_ntLink_6_13134790', 'methylation_CpG_ntLink_6_13134800', 'methylation_CpG_ntLink_6_13134839', 'methylation_CpG_ntLink_6_13134796', 'methylation_CpG_ntLink_6_13134052', 'methylation_CpG_ptg000047l_4021456', 'methylation_CpG_ntLink_6_13134803', 'methylation_CpG_ptg000047l_4021443']"
SVEP1_RAT_FUN_009048,21,0.14269998584525911,0.8821879898711421,0.739488004025883,True,0.0002609696094831859,"['mirna_Cluster_15097', 'lncrna_lncRNA_8532', 'lncrna_lncRNA_27046', 'lncrna_lncRNA_35309', 'lncrna_lncRNA_37314', 'lncrna_lncRNA_35242', 'lncrna_lncRNA_27763', 'lncrna_lncRNA_35243', 'lncrna_lncRNA_45015', 'lncrna_lncRNA_42660', 'lncrna_lncRNA_22315', 'methylation_CpG_ptg000001l_3069457', 'methylation_CpG_ptg000011l_8394054', 'methylation_CpG_ptg000015l_2160436', 'methylation_CpG_ptg000011l_8393679', 'methylation_CpG_ntLink_8_34790345', 'methylation_CpG_ntLink_8_34790315', 'methylation_CpG_ptg000015l_6211723', 'methylation_CpG_ptg000025l_13839170', 'methylation_CpG_ptg000011l_8393022', 'methylation_CpG_ptg000011l_967726']"
PPIB_CHICK_FUN_005454,24,0.10731228241567015,0.8870508524140863,0.7797385699984162,True,0.0020666061866094765,"['mirna_Cluster_16354', 'mirna_Cluster_9706', 'mirna_Cluster_17192', 'mirna_Cluster_4752', 'lncrna_lncRNA_25657', 'lncrna_lncRNA_3431', 'lncrna_lncRNA_46436', 'lncrna_lncRNA_16365', 'lncrna_lncRNA_4436', 'lncrna_lncRNA_20757', 'lncrna_lncRNA_21598', 'lncrna_lncRNA_26639', 'lncrna_lncRNA_3420', 'lncrna_lncRNA_49003', 'methylation_CpG_ptg000015l_6211723', 'methylation_CpG_ptg000031l_8422870', 'methylation_CpG_ptg000011l_8393332', 'methylation_CpG_ntLink_8_16166797', 'methylation_CpG_ptg000030l_2148036', 'methylation_CpG_ptg000033l_1262372', 'methylation_CpG_ntLink_8_16166893', 'methylation_CpG_ptg000018l_8065358', 'methylation_CpG_ptg000016l_5715674', 'methylation_CpG_ptg000011l_8391178']"
FUN_004528,27,0.09579290689171727,0.8970423206304858,0.8012494137387686,True,0.012002284099821625,"['mirna_Cluster_14146', 'mirna_Cluster_2372', 'mirna_Cluster_5516', 'mirna_Cluster_5603', 'mirna_Cluster_1832', 'mirna_Cluster_4036', 'mirna_Cluster_14532', 'lncrna_lncRNA_53893', 'lncrna_lncRNA_54307', 'lncrna_lncRNA_54306', 'lncrna_lncRNA_20121', 'lncrna_lncRNA_4062', 'lncrna_lncRNA_4063', 'lncrna_lncRNA_32640', 'lncrna_lncRNA_4066', 'lncrna_lncRNA_2326', 'lncrna_lncRNA_54249', 'methylation_CpG_ptg000011l_8392776', 'methylation_CpG_ptg000009l_7035575', 'methylation_CpG_ptg000011l_967757', 'methylation_CpG_ntLink_8_34790312', 'methylation_CpG_ptg000009l_7035562', 'methylation_CpG_ptg000009l_7035570', 'methylation_CpG_ptg000015l_6211680', 'methylation_CpG_ntLink_8_34790345', 'methylation_CpG_ptg000009l_7035550', 'methylation_CpG_ptg000012l_8046997']"
FUN_000539,22,0.09212391093863181,0.9189704899711029,0.826846579032471,True,2.5929161680759982e-05,"['mirna_Cluster_2746', 'mirna_Cluster_15097', 'lncrna_lncRNA_26775', 'lncrna_lncRNA_48747', 'lncrna_lncRNA_31374', 'lncrna_lncRNA_18915', 'lncrna_lncRNA_41458', 'lncrna_lncRNA_27058', 'lncrna_lncRNA_2906', 'lncrna_lncRNA_30144', 'lncrna_lncRNA_30149', 'lncrna_lncRNA_47421', 'methylation_CpG_ptg000011l_5627236', 'methylation_CpG_ptg000024l_8612179', 'methylation_CpG_ptg000011l_8391239', 'methylation_CpG_ptg000024l_8612165', 'methylation_CpG_ntLink_6_13134955', 'methylation_CpG_ptg000024l_8612211', 'methylation_CpG_ptg000024l_8612241', 'methylation_CpG_ptg000025l_14126701', 'methylation_CpG_ntLink_8_16166900', 'methylation_CpG_ptg000030l_3155863']"
MOS_PATPE_FUN_010585,23,0.09417037489423363,0.8002976941815857,0.7061273192873521,True,0.028608581376978526,"['mirna_Cluster_4754', 'mirna_Cluster_9706', 'mirna_Cluster_3227', 'lncrna_lncRNA_43316', 'lncrna_lncRNA_20214', 'lncrna_lncRNA_6987', 'lncrna_lncRNA_6988', 'lncrna_lncRNA_20178', 'lncrna_lncRNA_6986', 'lncrna_lncRNA_38587', 'lncrna_lncRNA_17995', 'lncrna_lncRNA_44656', 'lncrna_lncRNA_12225', 'methylation_CpG_ptg000030l_3155863', 'methylation_CpG_ptg000030l_2148069', 'methylation_CpG_ntLink_8_16166893', 'methylation_CpG_ptg000011l_8393679', 'methylation_CpG_ptg000018l_8065358', 'methylation_CpG_ptg000008l_25384626', 'methylation_CpG_ptg000011l_8393715', 'methylation_CpG_ptg000023l_17397315', 'methylation_CpG_ptg000030l_3155880', 'methylation_CpG_ptg000020l_10589614']"
FUN_039332,29,0.272664302283272,0.949004052777788,0.676339750494516,True,0.006696933394637838,"['mirna_Cluster_3227', 'mirna_Cluster_9706', 'mirna_Cluster_11565', 'mirna_Cluster_9380', 'mirna_Cluster_5603', 'mirna_Cluster_1833', 'mirna_Cluster_9786', 'mirna_Cluster_2372', 'mirna_Cluster_1832', 'lncrna_lncRNA_37593', 'lncrna_lncRNA_32208', 'lncrna_lncRNA_23805', 'lncrna_lncRNA_30913', 'lncrna_lncRNA_30914', 'lncrna_lncRNA_51574', 'lncrna_lncRNA_8495', 'lncrna_lncRNA_8494', 'lncrna_lncRNA_23804', 'lncrna_lncRNA_29761', 'methylation_CpG_ptg000008l_25384624', 'methylation_CpG_ptg000009l_18122328', 'methylation_CpG_ptg000008l_25384626', 'methylation_CpG_ntLink_8_16166797', 'methylation_CpG_ptg000016l_3294380', 'methylation_CpG_ntLink_8_16166900', 'methylation_CpG_ptg000021l_6264633', 'methylation_CpG_ptg000027l_11257122', 'methylation_CpG_ptg000021l_6264620', 'methylation_CpG_ptg000012l_8971701']"
NBAS_DANRE_FUN_005384,21,0.09524416315718187,0.9200187695843006,0.8247746064271188,True,7.622480625357753e-06,"['mirna_Cluster_5685', 'lncrna_lncRNA_7636', 'lncrna_lncRNA_7637', 'lncrna_lncRNA_7639', 'lncrna_lncRNA_25315', 'lncrna_lncRNA_7638', 'lncrna_lncRNA_18541', 'lncrna_lncRNA_36714', 'lncrna_lncRNA_36716', 'lncrna_lncRNA_41669', 'lncrna_lncRNA_18169', 'methylation_CpG_ptg000011l_8391132', 'methylation_CpG_ptg000011l_8393678', 'methylation_CpG_ptg000011l_8391178', 'methylation_CpG_ptg000031l_8422870', 'methylation_CpG_ptg000027l_11257209', 'methylation_CpG_ptg000008l_25384626', 'methylation_CpG_ptg000031l_8422617', 'methylation_CpG_ptg000023l_17397288', 'methylation_CpG_ptg000027l_11257129', 'methylation_CpG_ptg000016l_3294380']"
TIM22_XENLA_FUN_015058,30,0.3167424008069367,0.9549965922639981,0.6382541914570614,True,0.012230597460374582,"['mirna_Cluster_14532', 'mirna_Cluster_13327', 'mirna_Cluster_1819', 'mirna_Cluster_5516', 'mirna_Cluster_3301', 'mirna_Cluster_1865', 'mirna_Cluster_14605', 'mirna_Cluster_17623', 'mirna_Cluster_16354', 'mirna_Cluster_15097', 'lncrna_lncRNA_27862', 'lncrna_lncRNA_872', 'lncrna_lncRNA_27859', 'lncrna_lncRNA_27860', 'lncrna_lncRNA_27861', 'lncrna_lncRNA_43074', 'lncrna_lncRNA_34908', 'lncrna_lncRNA_18508', 'lncrna_lncRNA_42929', 'lncrna_lncRNA_3035', 'methylation_CpG_ptg000030l_2148033', 'methylation_CpG_ptg000018l_14489745', 'methylation_CpG_ptg000012l_8047034', 'methylation_CpG_ptg000030l_2148141', 'methylation_CpG_ptg000022l_5440529', 'methylation_CpG_ptg000031l_10997083', 'methylation_CpG_ptg000027l_11257209', 'methylation_CpG_ptg000027l_11257181', 'methylation_CpG_ptg000016l_5715722', 'methylation_CpG_ptg000011l_967757']"
RM12_BOVIN_FUN_038257,30,0.36943187856526316,0.9848695804222133,0.6154377018569501,True,0.00020836006035407362,"['mirna_Cluster_14532', 'mirna_Cluster_16354', 'mirna_Cluster_15097', 'mirna_Cluster_17245', 'mirna_Cluster_2372', 'mirna_Cluster_3301', 'mirna_Cluster_5516', 'mirna_Cluster_17623', 'mirna_Cluster_9420', 'mirna_Cluster_2500', 'lncrna_lncRNA_8437', 'lncrna_lncRNA_8438', 'lncrna_lncRNA_8439', 'lncrna_lncRNA_18392', 'lncrna_lncRNA_8596', 'lncrna_lncRNA_15381', 'lncrna_lncRNA_8444', 'lncrna_lncRNA_18508', 'lncrna_lncRNA_8452', 'lncrna_lncRNA_8453', 'methylation_CpG_ptg000030l_2148033', 'methylation_CpG_ptg000027l_11257209', 'methylation_CpG_ptg000030l_2148141', 'methylation_CpG_ptg000030l_2148036', 'methylation_CpG_ptg000027l_11257181', 'methylation_CpG_ptg000030l_2148108', 'methylation_CpG_ptg000015l_2160436', 'methylation_CpG_ptg000018l_13662264', 'methylation_CpG_ptg000016l_5715722', 'methylation_CpG_ptg000012l_8047034']"
FUN_015244,30,0.35142795832512275,0.8772065990090686,0.5257786406839459,False,0.3408067305394282,"['mirna_Cluster_4036', 'mirna_Cluster_16354', 'mirna_Cluster_14532', 'mirna_Cluster_5516', 'mirna_Cluster_2746', 'mirna_Cluster_1832', 'mirna_Cluster_9420', 'mirna_Cluster_10452', 'mirna_Cluster_13647', 'mirna_Cluster_2372', 'lncrna_lncRNA_26772', 'lncrna_lncRNA_2950', 'lncrna_lncRNA_20107', 'lncrna_lncRNA_4141', 'lncrna_lncRNA_4142', 'lncrna_lncRNA_2951', 'lncrna_lncRNA_3999', 'lncrna_lncRNA_7289', 'lncrna_lncRNA_28125', 'lncrna_lncRNA_29682', 'methylation_CpG_ptg000023l_35051554', 'methylation_CpG_ptg000001l_3069526', 'methylation_CpG_ptg000001l_3069524', 'methylation_CpG_ptg000001l_3069507', 'methylation_CpG_ptg000025l_13842110', 'methylation_CpG_ptg000025l_13842132', 'methylation_CpG_ptg000012l_8047034', 'methylation_CpG_ptg000025l_13842137', 'methylation_CpG_ptg000025l_13842128', 'methylation_CpG_ntLink_8_16166900']"
MSHA_PAEAT_FUN_018159,30,0.23889912852785655,0.9355341376592325,0.696635009131376,True,0.030604725778995978,"['mirna_Cluster_17623', 'mirna_Cluster_1865', 'mirna_Cluster_3109', 'mirna_Cluster_2500', 'mirna_Cluster_1819', 'mirna_Cluster_3227', 'mirna_Cluster_9366', 'mirna_Cluster_14532', 'mirna_Cluster_14605', 'mirna_Cluster_4026', 'lncrna_lncRNA_42649', 'lncrna_lncRNA_43195', 'lncrna_lncRNA_13401', 'lncrna_lncRNA_13481', 'lncrna_lncRNA_21983', 'lncrna_lncRNA_13484', 'lncrna_lncRNA_13482', 'lncrna_lncRNA_13483', 'lncrna_lncRNA_5523', 'lncrna_lncRNA_13400', 'methylation_CpG_ptg000031l_10997083', 'methylation_CpG_ptg000012l_8971736', 'methylation_CpG_ptg000031l_8422811', 'methylation_CpG_ptg000018l_14489745', 'methylation_CpG_ptg000027l_13568456', 'methylation_CpG_ptg000012l_8971727', 'methylation_CpG_ptg000027l_2551252', 'methylation_CpG_ptg000012l_8971701', 'methylation_CpG_ptg000012l_8971712', 'methylation_CpG_ptg000027l_13568421']"
FUN_004911,28,0.24002642752039116,0.9836091726512202,0.743582745130829,True,7.082386875412183e-06,"['mirna_Cluster_13327', 'mirna_Cluster_1865', 'mirna_Cluster_5603', 'mirna_Cluster_5517', 'mirna_Cluster_13647', 'mirna_Cluster_1832', 'mirna_Cluster_4026', 'mirna_Cluster_9532', 'lncrna_lncRNA_16047', 'lncrna_lncRNA_1047', 'lncrna_lncRNA_34748', 'lncrna_lncRNA_36842', 'lncrna_lncRNA_14038', 'lncrna_lncRNA_40936', 'lncrna_lncRNA_45065', 'lncrna_lncRNA_14748', 'lncrna_lncRNA_14749', 'lncrna_lncRNA_53732', 'methylation_CpG_ptg000018l_14489745', 'methylation_CpG_ptg000016l_3294397', 'methylation_CpG_ptg000011l_8392977', 'methylation_CpG_ptg000011l_8393022', 'methylation_CpG_ptg000016l_3294411', 'methylation_CpG_ptg000012l_8046972', 'methylation_CpG_ptg000016l_3294415', 'methylation_CpG_ntLink_6_13134419', 'methylation_CpG_ptg000031l_13053283', 'methylation_CpG_ptg000023l_17397326']"
FUN_043706,21,0.1521806194139822,0.9438835170857761,0.7917028976717939,True,6.830988892314593e-07,"['mirna_Cluster_4754', 'lncrna_lncRNA_51598', 'lncrna_lncRNA_45927', 'lncrna_lncRNA_35143', 'lncrna_lncRNA_37985', 'lncrna_lncRNA_37984', 'lncrna_lncRNA_45926', 'lncrna_lncRNA_45925', 'lncrna_lncRNA_115', 'lncrna_lncRNA_52203', 'lncrna_lncRNA_8468', 'methylation_CpG_ptg000030l_2148069', 'methylation_CpG_ptg000012l_8971736', 'methylation_CpG_ptg000012l_8971785', 'methylation_CpG_ptg000029c_793095', 'methylation_CpG_ptg000027l_13568450', 'methylation_CpG_ptg000011l_8395973', 'methylation_CpG_ptg000031l_8422811', 'methylation_CpG_ptg000025l_13842062', 'methylation_CpG_ptg000027l_13568456', 'methylation_CpG_ptg000029c_793082']"
TF2B_MOUSE_FUN_022376,28,0.2348316966779591,0.9617461902484138,0.7269144935704547,True,0.0005307738348028224,"['mirna_Cluster_13647', 'mirna_Cluster_13327', 'mirna_Cluster_14633', 'mirna_Cluster_5517', 'mirna_Cluster_1865', 'mirna_Cluster_2500', 'mirna_Cluster_1833', 'mirna_Cluster_14532', 'lncrna_lncRNA_22316', 'lncrna_lncRNA_22315', 'lncrna_lncRNA_20101', 'lncrna_lncRNA_53980', 'lncrna_lncRNA_27189', 'lncrna_lncRNA_36988', 'lncrna_lncRNA_27859', 'lncrna_lncRNA_27860', 'lncrna_lncRNA_27861', 'lncrna_lncRNA_27862', 'methylation_CpG_ptg000031l_8422617', 'methylation_CpG_ptg000011l_967757', 'methylation_CpG_ptg000016l_5715722', 'methylation_CpG_ptg000060c_58340', 'methylation_CpG_ptg000030l_2148033', 'methylation_CpG_ntLink_6_13134796', 'methylation_CpG_ntLink_6_13134803', 'methylation_CpG_ptg000030l_2148141', 'methylation_CpG_ntLink_6_13134839', 'methylation_CpG_ptg000015l_2160436']"
6PGD_HUMAN_FUN_012684,30,0.1875261038940208,0.965814265681799,0.7782881617877782,True,0.002130195827461878,"['mirna_Cluster_13327', 'mirna_Cluster_3301', 'mirna_Cluster_13647', 'mirna_Cluster_14532', 'mirna_Cluster_16354', 'mirna_Cluster_9420', 'mirna_Cluster_5517', 'mirna_Cluster_15097', 'mirna_Cluster_4754', 'mirna_Cluster_5516', 'lncrna_lncRNA_14910', 'lncrna_lncRNA_1129', 'lncrna_lncRNA_26927', 'lncrna_lncRNA_2770', 'lncrna_lncRNA_19791', 'lncrna_lncRNA_1108', 'lncrna_lncRNA_31119', 'lncrna_lncRNA_3035', 'lncrna_lncRNA_42929', 'lncrna_lncRNA_17993', 'methylation_CpG_ptg000030l_2148033', 'methylation_CpG_ptg000027l_11257181', 'methylation_CpG_ptg000030l_2148141', 'methylation_CpG_ptg000030l_2148108', 'methylation_CpG_ptg000016l_5715722', 'methylation_CpG_ptg000030l_2148036', 'methylation_CpG_ptg000030l_2148069', 'methylation_CpG_ptg000027l_11257209', 'methylation_CpG_ptg000011l_967757', 'methylation_CpG_ptg000030l_2148096']"
FUN_038830,20,0.4813017121058485,0.9136702208027585,0.43236850869691,True,0.00047747396538122544,"['lncrna_lncRNA_3181', 'lncrna_lncRNA_14731', 'lncrna_lncRNA_14730', 'lncrna_lncRNA_30937', 'lncrna_lncRNA_42628', 'lncrna_lncRNA_38176', 'lncrna_lncRNA_45369', 'lncrna_lncRNA_45371', 'lncrna_lncRNA_45370', 'lncrna_lncRNA_45373', 'methylation_CpG_ptg000025l_13842062', 'methylation_CpG_ptg000025l_13842110', 'methylation_CpG_ptg000009l_7035575', 'methylation_CpG_ntLink_8_23080768', 'methylation_CpG_ptg000020l_10589614', 'methylation_CpG_ptg000020l_10589616', 'methylation_CpG_ptg000025l_13842137', 'methylation_CpG_ptg000025l_13842125', 'methylation_CpG_ptg000047l_4021399', 'methylation_CpG_ptg000011l_8394044']"
FUN_035858,20,0.8574024094762132,0.9400057279999825,0.08260331852376934,False,0.24621617658484718,"['lncrna_lncRNA_28620', 'lncrna_lncRNA_28619', 'lncrna_lncRNA_27979', 'lncrna_lncRNA_27978', 'lncrna_lncRNA_29648', 'lncrna_lncRNA_29647', 'lncrna_lncRNA_27977', 'lncrna_lncRNA_35212', 'lncrna_lncRNA_51448', 'lncrna_lncRNA_51447', 'methylation_CpG_ptg000004l_4757512', 'methylation_CpG_ptg000011l_8396448', 'methylation_CpG_ptg000023l_17397315', 'methylation_CpG_ptg000007l_5089341', 'methylation_CpG_ptg000018l_8065358', 'methylation_CpG_ptg000023l_1199651', 'methylation_CpG_ptg000008l_12977382', 'methylation_CpG_ptg000030l_2148036', 'methylation_CpG_ptg000027l_11257094', 'methylation_CpG_ptg000008l_12977341']"
FUN_028442,30,0.16389267764981985,0.9709781807126572,0.8070855030628373,True,0.000973368374258432,"['mirna_Cluster_4754', 'mirna_Cluster_17245', 'mirna_Cluster_3226', 'mirna_Cluster_3227', 'mirna_Cluster_2372', 'mirna_Cluster_2500', 'mirna_Cluster_9706', 'mirna_Cluster_15097', 'mirna_Cluster_14610', 'mirna_Cluster_16354', 'lncrna_lncRNA_54143', 'lncrna_lncRNA_54144', 'lncrna_lncRNA_53739', 'lncrna_lncRNA_447', 'lncrna_lncRNA_444', 'lncrna_lncRNA_445', 'lncrna_lncRNA_446', 'lncrna_lncRNA_43020', 'lncrna_lncRNA_43021', 'lncrna_lncRNA_43022', 'methylation_CpG_ptg000012l_8971785', 'methylation_CpG_ptg000012l_8971736', 'methylation_CpG_ptg000030l_2148069', 'methylation_CpG_ptg000025l_13842128', 'methylation_CpG_ptg000025l_13842062', 'methylation_CpG_ptg000020l_10589616', 'methylation_CpG_ptg000018l_13662264', 'methylation_CpG_ptg000020l_10589614', 'methylation_CpG_ptg000030l_2148141', 'methylation_CpG_ptg000030l_2148096']"
FUN_018331,30,0.4601731234320966,0.962486082860071,0.5023129594279744,True,0.01493825352036493,"['mirna_Cluster_3109', 'mirna_Cluster_1819', 'mirna_Cluster_17623', 'mirna_Cluster_12083', 'mirna_Cluster_14532', 'mirna_Cluster_12087', 'mirna_Cluster_2500', 'mirna_Cluster_14605', 'mirna_Cluster_5516', 'mirna_Cluster_1865', 'lncrna_lncRNA_26878', 'lncrna_lncRNA_3048', 'lncrna_lncRNA_22317', 'lncrna_lncRNA_25853', 'lncrna_lncRNA_10818', 'lncrna_lncRNA_48781', 'lncrna_lncRNA_340', 'lncrna_lncRNA_20823', 'lncrna_lncRNA_19964', 'lncrna_lncRNA_46604', 'methylation_CpG_ptg000011l_8396448', 'methylation_CpG_ptg000024l_8612235', 'methylation_CpG_ptg000011l_8391239', 'methylation_CpG_ptg000015l_2160436', 'methylation_CpG_ptg000011l_8391292', 'methylation_CpG_ptg000011l_8391288', 'methylation_CpG_ptg000024l_8612204', 'methylation_CpG_ptg000011l_8393629', 'methylation_CpG_ptg000011l_8393753', 'methylation_CpG_ntLink_6_13134419']"
FUN_003644,17,0.8527214677702325,0.9338162499326049,0.08109478216237243,False,0.12683260440413757,"['lncrna_lncRNA_43016', 'lncrna_lncRNA_43017', 'lncrna_lncRNA_27359', 'lncrna_lncRNA_48973', 'lncrna_lncRNA_5284', 'lncrna_lncRNA_28393', 'lncrna_lncRNA_33709', 'lncrna_lncRNA_47143', 'lncrna_lncRNA_54741', 'lncrna_lncRNA_43724', 'methylation_CpG_ptg000011l_8391239', 'methylation_CpG_ptg000004l_4757512', 'methylation_CpG_ptg000011l_8396448', 'methylation_CpG_ptg000030l_2148036', 'methylation_CpG_ptg000027l_11256965', 'methylation_CpG_ptg000008l_12977384', 'methylation_CpG_ptg000008l_12977382']"
KCNAG_CAEEL_FUN_042581,30,0.23840751425983997,0.9868253436842053,0.7484178294243653,True,5.149651189040316e-05,"['mirna_Cluster_15097', 'mirna_Cluster_1865', 'mirna_Cluster_5517', 'mirna_Cluster_9366', 'mirna_Cluster_14610', 'mirna_Cluster_14605', 'mirna_Cluster_1819', 'mirna_Cluster_2746', 'mirna_Cluster_5685', 'mirna_Cluster_4026', 'lncrna_lncRNA_30144', 'lncrna_lncRNA_49118', 'lncrna_lncRNA_30146', 'lncrna_lncRNA_33251', 'lncrna_lncRNA_36597', 'lncrna_lncRNA_47558', 'lncrna_lncRNA_48280', 'lncrna_lncRNA_52161', 'lncrna_lncRNA_52160', 'lncrna_lncRNA_4078', 'methylation_CpG_ptg000024l_8612204', 'methylation_CpG_ptg000025l_14126680', 'methylation_CpG_ptg000001l_3069457', 'methylation_CpG_ptg000031l_8422870', 'methylation_CpG_ptg000011l_8391239', 'methylation_CpG_ntLink_6_19705309', 'methylation_CpG_ptg000027l_11257081', 'methylation_CpG_ptg000004l_4757244', 'methylation_CpG_ptg000018l_14489745', 'methylation_CpG_ptg000060c_58292']"
FUN_032914,23,0.18934284607512375,0.9784523989465975,0.7891095528714738,True,8.587230149181835e-09,"['mirna_Cluster_3227', 'mirna_Cluster_9706', 'mirna_Cluster_15097', 'lncrna_lncRNA_3708', 'lncrna_lncRNA_42938', 'lncrna_lncRNA_9143', 'lncrna_lncRNA_8604', 'lncrna_lncRNA_7190', 'lncrna_lncRNA_7191', 'lncrna_lncRNA_8907', 'lncrna_lncRNA_8906', 'lncrna_lncRNA_23804', 'lncrna_lncRNA_44814', 'methylation_CpG_ptg000008l_25384624', 'methylation_CpG_ptg000033l_1262372', 'methylation_CpG_ptg000016l_3294380', 'methylation_CpG_ptg000031l_8422911', 'methylation_CpG_ptg000023l_1199639', 'methylation_CpG_ptg000022l_5440529', 'methylation_CpG_ptg000009l_7035550', 'methylation_CpG_ptg000008l_25384626', 'methylation_CpG_ptg000024l_8612165', 'methylation_CpG_ptg000009l_7035570']"
R213A_DANRE_FUN_042904,20,0.5081171965316236,0.7958253604135335,0.2877081638819099,False,0.2308806928013245,"['lncrna_lncRNA_20214', 'lncrna_lncRNA_27842', 'lncrna_lncRNA_54016', 'lncrna_lncRNA_3371', 'lncrna_lncRNA_3372', 'lncrna_lncRNA_32614', 'lncrna_lncRNA_32612', 'lncrna_lncRNA_32613', 'lncrna_lncRNA_32615', 'lncrna_lncRNA_9129', 'methylation_CpG_ptg000008l_25384626', 'methylation_CpG_ptg000012l_15244520', 'methylation_CpG_ptg000004l_4759974', 'methylation_CpG_ptg000030l_2148069', 'methylation_CpG_ptg000031l_8422811', 'methylation_CpG_ptg000030l_3155863', 'methylation_CpG_ptg000007l_9141311', 'methylation_CpG_ptg000011l_8393678', 'methylation_CpG_ptg000031l_8422617', 'methylation_CpG_ptg000024l_8612204']"
FUN_025425,30,0.15775640983070816,0.9863624653515466,0.8286060555208384,True,3.8716426425944306e-05,"['mirna_Cluster_4754', 'mirna_Cluster_3301', 'mirna_Cluster_5517', 'mirna_Cluster_2746', 'mirna_Cluster_2500', 'mirna_Cluster_13327', 'mirna_Cluster_9532', 'mirna_Cluster_16354', 'mirna_Cluster_1951', 'mirna_Cluster_5516', 'lncrna_lncRNA_3035', 'lncrna_lncRNA_10198', 'lncrna_lncRNA_2770', 'lncrna_lncRNA_1129', 'lncrna_lncRNA_42893', 'lncrna_lncRNA_1070', 'lncrna_lncRNA_7290', 'lncrna_lncRNA_19775', 'lncrna_lncRNA_1209', 'lncrna_lncRNA_37919', 'methylation_CpG_ptg000030l_2148033', 'methylation_CpG_ptg000027l_13568498', 'methylation_CpG_ptg000027l_11257129', 'methylation_CpG_ptg000030l_2148141', 'methylation_CpG_ntLink_6_13135348', 'methylation_CpG_ptg000030l_2148069', 'methylation_CpG_ptg000027l_13568421', 'methylation_CpG_ptg000027l_13568474', 'methylation_CpG_ptg000030l_2148036', 'methylation_CpG_ptg000031l_10997083']"
FUN_015534,22,0.32260294262861655,0.9685984737000941,0.6459955310714776,True,1.4551398308526586e-07,"['mirna_Cluster_13647', 'mirna_Cluster_1951', 'lncrna_lncRNA_29825', 'lncrna_lncRNA_46650', 'lncrna_lncRNA_46649', 'lncrna_lncRNA_46648', 'lncrna_lncRNA_29824', 'lncrna_lncRNA_28798', 'lncrna_lncRNA_54014', 'lncrna_lncRNA_54427', 'lncrna_lncRNA_24978', 'lncrna_lncRNA_48438', 'methylation_CpG_ptg000027l_11257122', 'methylation_CpG_ntLink_6_19705338', 'methylation_CpG_ptg000027l_11257129', 'methylation_CpG_ptg000027l_11257081', 'methylation_CpG_ptg000016l_5715698', 'methylation_CpG_ptg000033l_1262376', 'methylation_CpG_ptg000027l_11257181', 'methylation_CpG_ptg000018l_13662272', 'methylation_CpG_ptg000023l_14647605', 'methylation_CpG_ptg000007l_9141334']"
FUN_018937,25,0.22204599524187152,0.9263038867084314,0.7042578914665599,True,0.0008473642016544325,"['mirna_Cluster_3109', 'mirna_Cluster_1819', 'mirna_Cluster_1951', 'mirna_Cluster_14532', 'mirna_Cluster_9706', 'lncrna_lncRNA_34604', 'lncrna_lncRNA_1079', 'lncrna_lncRNA_42608', 'lncrna_lncRNA_10212', 'lncrna_lncRNA_45932', 'lncrna_lncRNA_3606', 'lncrna_lncRNA_3438', 'lncrna_lncRNA_42990', 'lncrna_lncRNA_3048', 'lncrna_lncRNA_43499', 'methylation_CpG_ptg000011l_8396448', 'methylation_CpG_ptg000015l_2160436', 'methylation_CpG_ptg000007l_9141334', 'methylation_CpG_ptg000008l_25384624', 'methylation_CpG_ptg000011l_8393753', 'methylation_CpG_ntLink_8_34790345', 'methylation_CpG_ptg000031l_8422617', 'methylation_CpG_ptg000024l_8612235', 'methylation_CpG_ptg000024l_8612204', 'methylation_CpG_ptg000018l_8065358']"
FUN_039160,19,0.8017703377015644,0.9627822799651005,0.1610119422635361,True,0.0005384836758786093,"['lncrna_lncRNA_55663', 'lncrna_lncRNA_55677', 'lncrna_lncRNA_30787', 'lncrna_lncRNA_30786', 'lncrna_lncRNA_55660', 'lncrna_lncRNA_41379', 'lncrna_lncRNA_55701', 'lncrna_lncRNA_33588', 'lncrna_lncRNA_30784', 'lncrna_lncRNA_579', 'methylation_CpG_ptg000016l_5715662', 'methylation_CpG_ptg000021l_6264633', 'methylation_CpG_ptg000021l_6264620', 'methylation_CpG_ptg000011l_8391344', 'methylation_CpG_ptg000023l_17397315', 'methylation_CpG_ptg000009l_18122328', 'methylation_CpG_ptg000022l_5440529', 'methylation_CpG_ptg000047l_4021443', 'methylation_CpG_ptg000033l_1262376']"
SCR1G_ACRMI_FUN_018487,20,0.6754135343545677,0.9545281355458854,0.2791146011913177,True,0.00011715969007997096,"['lncrna_lncRNA_28221', 'lncrna_lncRNA_35642', 'lncrna_lncRNA_40704', 'lncrna_lncRNA_3587', 'lncrna_lncRNA_13338', 'lncrna_lncRNA_29654', 'lncrna_lncRNA_29653', 'lncrna_lncRNA_37274', 'lncrna_lncRNA_29655', 'lncrna_lncRNA_13767', 'methylation_CpG_ntLink_6_19920923', 'methylation_CpG_ptg000023l_17397288', 'methylation_CpG_ptg000027l_2551179', 'methylation_CpG_ptg000021l_1750826', 'methylation_CpG_ptg000030l_2148033', 'methylation_CpG_ptg000023l_36912999', 'methylation_CpG_ptg000004l_4759974', 'methylation_CpG_ptg000030l_2148036', 'methylation_CpG_ptg000021l_6264712', 'methylation_CpG_ntLink_8_23080768']"
FUN_035959,22,0.08490452247742586,0.7837558738796582,0.6988513514022323,True,0.02429361101123073,"['mirna_Cluster_1865', 'mirna_Cluster_17623', 'lncrna_lncRNA_47656', 'lncrna_lncRNA_6540', 'lncrna_lncRNA_48125', 'lncrna_lncRNA_6815', 'lncrna_lncRNA_48122', 'lncrna_lncRNA_13426', 'lncrna_lncRNA_6818', 'lncrna_lncRNA_32341', 'lncrna_lncRNA_43167', 'lncrna_lncRNA_43166', 'methylation_CpG_ptg000060c_58340', 'methylation_CpG_ptg000047l_4021479', 'methylation_CpG_ptg000030l_2148033', 'methylation_CpG_ptg000023l_3503253', 'methylation_CpG_ptg000027l_11257081', 'methylation_CpG_ptg000024l_8612179', 'methylation_CpG_ptg000047l_4021399', 'methylation_CpG_ptg000004l_4757204', 'methylation_CpG_ntLink_8_16166883', 'methylation_CpG_ptg000012l_8971785']"
GGT1_MOUSE_FUN_016060,21,0.08030397905323994,0.8645733525559891,0.7842693735027492,True,0.0004441613592494065,"['mirna_Cluster_12081', 'lncrna_lncRNA_29802', 'lncrna_lncRNA_29617', 'lncrna_lncRNA_29616', 'lncrna_lncRNA_29615', 'lncrna_lncRNA_44622', 'lncrna_lncRNA_51261', 'lncrna_lncRNA_46337', 'lncrna_lncRNA_21416', 'lncrna_lncRNA_21417', 'lncrna_lncRNA_29801', 'methylation_CpG_ptg000011l_8394054', 'methylation_CpG_ptg000011l_967757', 'methylation_CpG_ptg000009l_7035562', 'methylation_CpG_ptg000009l_7035575', 'methylation_CpG_ptg000009l_7035570', 'methylation_CpG_ptg000020l_10589614', 'methylation_CpG_ptg000020l_10589616', 'methylation_CpG_ptg000009l_7035550', 'methylation_CpG_ptg000018l_8065391', 'methylation_CpG_ptg000030l_2148069']"
FUN_014240,20,0.6756265493628593,0.9052305356175353,0.22960398625467604,True,0.030461056582205215,"['lncrna_lncRNA_35147', 'lncrna_lncRNA_12055', 'lncrna_lncRNA_53992', 'lncrna_lncRNA_53993', 'lncrna_lncRNA_26549', 'lncrna_lncRNA_26551', 'lncrna_lncRNA_10912', 'lncrna_lncRNA_10911', 'lncrna_lncRNA_34775', 'lncrna_lncRNA_41165', 'methylation_CpG_ptg000029c_793095', 'methylation_CpG_ptg000025l_14126680', 'methylation_CpG_ptg000007l_6510205', 'methylation_CpG_ptg000029c_793082', 'methylation_CpG_ptg000031l_8422811', 'methylation_CpG_ptg000027l_13568450', 'methylation_CpG_ptg000029c_793112', 'methylation_CpG_ptg000007l_10144971', 'methylation_CpG_ptg000018l_8065358', 'methylation_CpG_ptg000018l_8065391']"
MYH10_BOVIN_FUN_038297,20,0.666387276702114,0.9499436893644115,0.2835564126622976,True,0.0002061317478657676,"['lncrna_lncRNA_20183', 'lncrna_lncRNA_51163', 'lncrna_lncRNA_26973', 'lncrna_lncRNA_53588', 'lncrna_lncRNA_42940', 'lncrna_lncRNA_54181', 'lncrna_lncRNA_12336', 'lncrna_lncRNA_53529', 'lncrna_lncRNA_9198', 'lncrna_lncRNA_26598', 'methylation_CpG_ptg000011l_967757', 'methylation_CpG_ptg000009l_7035562', 'methylation_CpG_ptg000009l_7035575', 'methylation_CpG_ptg000009l_7035550', 'methylation_CpG_ptg000009l_7035570', 'methylation_CpG_ptg000011l_8394054', 'methylation_CpG_ptg000011l_967726', 'methylation_CpG_ptg000022l_5440529', 'methylation_CpG_ntLink_6_13135371', 'methylation_CpG_ntLink_6_13134703']"
FUN_037869,21,0.07208140003672914,0.9731444786755779,0.9010630786388487,True,5.463642871461616e-10,"['mirna_Cluster_9706', 'lncrna_lncRNA_45391', 'lncrna_lncRNA_48105', 'lncrna_lncRNA_48698', 'lncrna_lncRNA_48697', 'lncrna_lncRNA_18968', 'lncrna_lncRNA_53727', 'lncrna_lncRNA_35759', 'lncrna_lncRNA_37495', 'lncrna_lncRNA_48672', 'lncrna_lncRNA_46500', 'methylation_CpG_ptg000033l_1262372', 'methylation_CpG_ptg000033l_1262376', 'methylation_CpG_ntLink_6_13135361', 'methylation_CpG_ptg000008l_25384624', 'methylation_CpG_ptg000008l_12977382', 'methylation_CpG_ptg000012l_8971712', 'methylation_CpG_ptg000008l_12977384', 'methylation_CpG_ptg000031l_13053277', 'methylation_CpG_ptg000008l_12977341', 'methylation_CpG_ptg000012l_8971701']"
SKP1_MOUSE_FUN_009666,23,0.1816330998437845,0.8901474092181133,0.7085143093743288,True,0.0013088337735345235,"['mirna_Cluster_12081', 'mirna_Cluster_12087', 'mirna_Cluster_12083', 'lncrna_lncRNA_4477', 'lncrna_lncRNA_4476', 'lncrna_lncRNA_9401', 'lncrna_lncRNA_3334', 'lncrna_lncRNA_4481', 'lncrna_lncRNA_4482', 'lncrna_lncRNA_11940', 'lncrna_lncRNA_38199', 'lncrna_lncRNA_53712', 'lncrna_lncRNA_18619', 'methylation_CpG_ptg000030l_2148108', 'methylation_CpG_ptg000030l_2148033', 'methylation_CpG_ptg000030l_2148096', 'methylation_CpG_ptg000030l_2148036', 'methylation_CpG_ntLink_6_13135361', 'methylation_CpG_ptg000015l_6211723', 'methylation_CpG_ptg000001l_3069457', 'methylation_CpG_ptg000007l_9141311', 'methylation_CpG_ptg000030l_2148141', 'methylation_CpG_ptg000004l_4757198']"
FUN_017593,20,0.28303859221186556,1.0,0.7169614077881344,False,1.0,"['mirna_Cluster_12083', 'mirna_Cluster_12081', 'mirna_Cluster_12087', 'mirna_Cluster_2746', 'lncrna_lncRNA_13226', 'lncrna_lncRNA_31401', 'lncrna_lncRNA_12684', 'lncrna_lncRNA_43958', 'lncrna_lncRNA_12682', 'lncrna_lncRNA_52625', 'lncrna_lncRNA_32150', 'lncrna_lncRNA_29264', 'lncrna_lncRNA_52622', 'lncrna_lncRNA_52623', 'methylation_CpG_ptg000011l_8391239', 'methylation_CpG_ptg000011l_8393002', 'methylation_CpG_ptg000004l_4757244', 'methylation_CpG_ptg000007l_6510226', 'methylation_CpG_ptg000011l_5627236', 'methylation_CpG_ptg000030l_2148036']"
FUN_009239,30,0.3440339875062677,0.9752117167039436,0.6311777291976759,True,0.0013782649984782624,"['mirna_Cluster_1865', 'mirna_Cluster_3109', 'mirna_Cluster_5603', 'mirna_Cluster_14532', 'mirna_Cluster_13327', 'mirna_Cluster_17623', 'mirna_Cluster_1819', 'mirna_Cluster_10452', 'mirna_Cluster_14146', 'mirna_Cluster_1832', 'lncrna_lncRNA_33233', 'lncrna_lncRNA_38604', 'lncrna_lncRNA_15158', 'lncrna_lncRNA_23839', 'lncrna_lncRNA_54386', 'lncrna_lncRNA_54385', 'lncrna_lncRNA_54387', 'lncrna_lncRNA_37322', 'lncrna_lncRNA_35726', 'lncrna_lncRNA_1152', 'methylation_CpG_ptg000018l_14489745', 'methylation_CpG_ntLink_8_34790345', 'methylation_CpG_ptg000012l_8046972', 'methylation_CpG_ptg000011l_8393022', 'methylation_CpG_ptg000024l_8612204', 'methylation_CpG_ptg000015l_2160436', 'methylation_CpG_ptg000031l_8422563', 'methylation_CpG_ptg000011l_8392977', 'methylation_CpG_ptg000031l_8422617', 'methylation_CpG_ptg000004l_4757198']"
FUN_044066,30,0.13244059493499893,0.912581834630729,0.78014123969573,False,0.05562204848068564,"['mirna_Cluster_14610', 'mirna_Cluster_1865', 'mirna_Cluster_5685', 'mirna_Cluster_15097', 'mirna_Cluster_14532', 'mirna_Cluster_9366', 'mirna_Cluster_2746', 'mirna_Cluster_5517', 'mirna_Cluster_14605', 'mirna_Cluster_1819', 'lncrna_lncRNA_18443', 'lncrna_lncRNA_51280', 'lncrna_lncRNA_51496', 'lncrna_lncRNA_19952', 'lncrna_lncRNA_42949', 'lncrna_lncRNA_1076', 'lncrna_lncRNA_9155', 'lncrna_lncRNA_1077', 'lncrna_lncRNA_1078', 'lncrna_lncRNA_28047', 'methylation_CpG_ptg000004l_4757244', 'methylation_CpG_ptg000030l_2148033', 'methylation_CpG_ptg000004l_4757204', 'methylation_CpG_ptg000030l_2148036', 'methylation_CpG_ptg000023l_29344852', 'methylation_CpG_ptg000015l_6211723', 'methylation_CpG_ptg000004l_4756886', 'methylation_CpG_ptg000007l_10144971', 'methylation_CpG_ptg000020l_10589616', 'methylation_CpG_ptg000018l_13662264']"
FUN_030422,21,0.09289146659043734,0.9580830018269857,0.8651915352365483,True,3.189063435549144e-08,"['mirna_Cluster_13327', 'lncrna_lncRNA_31604', 'lncrna_lncRNA_45467', 'lncrna_lncRNA_18915', 'lncrna_lncRNA_1574', 'lncrna_lncRNA_44121', 'lncrna_lncRNA_10221', 'lncrna_lncRNA_15850', 'lncrna_lncRNA_25177', 'lncrna_lncRNA_28860', 'lncrna_lncRNA_11452', 'methylation_CpG_ptg000011l_8391239', 'methylation_CpG_ptg000016l_3294397', 'methylation_CpG_ptg000024l_8612204', 'methylation_CpG_ptg000018l_14489745', 'methylation_CpG_ptg000016l_3294380', 'methylation_CpG_ptg000004l_4756886', 'methylation_CpG_ptg000024l_8612235', 'methylation_CpG_ptg000024l_8612179', 'methylation_CpG_ptg000009l_7035550', 'methylation_CpG_ptg000009l_7035575']"
FUN_011214,18,0.5297388442744396,0.9073796158748194,0.3776407716003798,True,0.000341074261385077,"['lncrna_lncRNA_10710', 'lncrna_lncRNA_30178', 'lncrna_lncRNA_4991', 'lncrna_lncRNA_2606', 'lncrna_lncRNA_18938', 'lncrna_lncRNA_28847', 'lncrna_lncRNA_13134', 'lncrna_lncRNA_53892', 'lncrna_lncRNA_29831', 'lncrna_lncRNA_40243', 'methylation_CpG_ptg000021l_6264620', 'methylation_CpG_ptg000023l_17397315', 'methylation_CpG_ptg000022l_5440529', 'methylation_CpG_ptg000027l_11256965', 'methylation_CpG_ptg000016l_5715662', 'methylation_CpG_ptg000021l_6264633', 'methylation_CpG_ptg000047l_4021443', 'methylation_CpG_ptg000001l_3069526']"
FUN_020543,20,0.8051359261802552,0.9309723394593045,0.12583641327904926,False,0.09988198838374351,"['lncrna_lncRNA_30407', 'lncrna_lncRNA_30987', 'lncrna_lncRNA_19144', 'lncrna_lncRNA_9154', 'lncrna_lncRNA_3624', 'lncrna_lncRNA_860', 'lncrna_lncRNA_49713', 'lncrna_lncRNA_3355', 'lncrna_lncRNA_46561', 'lncrna_lncRNA_8591', 'methylation_CpG_ptg000047l_4021456', 'methylation_CpG_ptg000023l_17397340', 'methylation_CpG_ptg000047l_4021443', 'methylation_CpG_ptg000004l_4757198', 'methylation_CpG_ptg000016l_5715710', 'methylation_CpG_ptg000011l_8393755', 'methylation_CpG_ptg000011l_8393629', 'methylation_CpG_ptg000007l_5089326', 'methylation_CpG_ptg000023l_17397326', 'methylation_CpG_ntLink_6_13134040']"
FUN_013985,29,0.2478930807895825,0.9671892264588462,0.7192961456692637,True,0.0008392773624728012,"['mirna_Cluster_17623', 'mirna_Cluster_2500', 'mirna_Cluster_3109', 'mirna_Cluster_1865', 'mirna_Cluster_3226', 'mirna_Cluster_1819', 'mirna_Cluster_14532', 'mirna_Cluster_17245', 'mirna_Cluster_9366', 'lncrna_lncRNA_22294', 'lncrna_lncRNA_4385', 'lncrna_lncRNA_4384', 'lncrna_lncRNA_4383', 'lncrna_lncRNA_37469', 'lncrna_lncRNA_586', 'lncrna_lncRNA_41593', 'lncrna_lncRNA_22410', 'lncrna_lncRNA_43048', 'lncrna_lncRNA_42418', 'methylation_CpG_ptg000008l_12977338', 'methylation_CpG_ptg000008l_12977341', 'methylation_CpG_ptg000012l_8971736', 'methylation_CpG_ptg000008l_12977382', 'methylation_CpG_ptg000012l_8046972', 'methylation_CpG_ptg000012l_8971727', 'methylation_CpG_ptg000031l_13053277', 'methylation_CpG_ptg000012l_8971785', 'methylation_CpG_ptg000031l_9119576', 'methylation_CpG_ptg000008l_12977384']"
FUN_017305,24,0.3331171887898198,0.915251247985478,0.5821340591956582,True,0.002123481869531152,"['mirna_Cluster_15097', 'mirna_Cluster_3301', 'mirna_Cluster_14610', 'mirna_Cluster_14532', 'lncrna_lncRNA_12264', 'lncrna_lncRNA_7283', 'lncrna_lncRNA_18523', 'lncrna_lncRNA_46209', 'lncrna_lncRNA_53550', 'lncrna_lncRNA_29579', 'lncrna_lncRNA_29580', 'lncrna_lncRNA_53781', 'lncrna_lncRNA_12247', 'lncrna_lncRNA_42555', 'methylation_CpG_ptg000001l_3069457', 'methylation_CpG_ptg000025l_14126680', 'methylation_CpG_ptg000011l_8392977', 'methylation_CpG_ptg000016l_5715674', 'methylation_CpG_ptg000011l_8393022', 'methylation_CpG_ptg000024l_8612165', 'methylation_CpG_ntLink_6_13135361', 'methylation_CpG_ntLink_8_16166717', 'methylation_CpG_ptg000004l_4757487', 'methylation_CpG_ptg000030l_2148096']"
FUN_044147,23,0.12308492660622505,0.9749823699386222,0.8518974433323971,True,1.4858653418770018e-08,"['mirna_Cluster_2746', 'mirna_Cluster_4036', 'mirna_Cluster_15097', 'lncrna_lncRNA_52320', 'lncrna_lncRNA_10971', 'lncrna_lncRNA_52544', 'lncrna_lncRNA_52557', 'lncrna_lncRNA_52252', 'lncrna_lncRNA_52323', 'lncrna_lncRNA_52317', 'lncrna_lncRNA_52318', 'lncrna_lncRNA_52319', 'lncrna_lncRNA_52700', 'methylation_CpG_ptg000001l_3069507', 'methylation_CpG_ptg000001l_3069524', 'methylation_CpG_ptg000001l_3069526', 'methylation_CpG_ptg000027l_11256965', 'methylation_CpG_ptg000015l_6211723', 'methylation_CpG_ptg000011l_8391239', 'methylation_CpG_ptg000011l_8391132', 'methylation_CpG_ptg000016l_3294380', 'methylation_CpG_ptg000007l_5089303', 'methylation_CpG_ptg000004l_4756886']"
FUN_041773,22,0.12657514589569963,0.9412824939897545,0.8147073480940549,True,2.8469414404819204e-06,"['mirna_Cluster_5685', 'mirna_Cluster_13327', 'lncrna_lncRNA_48356', 'lncrna_lncRNA_44796', 'lncrna_lncRNA_30639', 'lncrna_lncRNA_44783', 'lncrna_lncRNA_53786', 'lncrna_lncRNA_44785', 'lncrna_lncRNA_14557', 'lncrna_lncRNA_38444', 'lncrna_lncRNA_29636', 'lncrna_lncRNA_45900', 'methylation_CpG_ptg000011l_8391132', 'methylation_CpG_ptg000011l_8391178', 'methylation_CpG_ptg000007l_6510243', 'methylation_CpG_ptg000023l_17397288', 'methylation_CpG_ptg000027l_11257081', 'methylation_CpG_ptg000007l_6510240', 'methylation_CpG_ptg000011l_8392623', 'methylation_CpG_ptg000018l_14489745', 'methylation_CpG_ptg000012l_8047034', 'methylation_CpG_ptg000012l_8047014']"
SIM14_HUMAN_FUN_010746,30,0.3108471845713585,0.9829492047643026,0.6721020201929441,True,0.0002371855305423054,"['mirna_Cluster_13647', 'mirna_Cluster_16354', 'mirna_Cluster_4036', 'mirna_Cluster_14532', 'mirna_Cluster_5516', 'mirna_Cluster_2372', 'mirna_Cluster_3301', 'mirna_Cluster_17245', 'mirna_Cluster_2746', 'mirna_Cluster_9420', 'lncrna_lncRNA_1108', 'lncrna_lncRNA_15381', 'lncrna_lncRNA_25952', 'lncrna_lncRNA_17967', 'lncrna_lncRNA_13659', 'lncrna_lncRNA_51246', 'lncrna_lncRNA_17993', 'lncrna_lncRNA_1129', 'lncrna_lncRNA_2970', 'lncrna_lncRNA_14828', 'methylation_CpG_ptg000030l_2148033', 'methylation_CpG_ptg000011l_967757', 'methylation_CpG_ptg000030l_2148141', 'methylation_CpG_ptg000030l_2148036', 'methylation_CpG_ptg000027l_11257181', 'methylation_CpG_ptg000016l_5715722', 'methylation_CpG_ptg000030l_2148108', 'methylation_CpG_ptg000007l_5089303', 'methylation_CpG_ptg000009l_7035562', 'methylation_CpG_ptg000030l_2148096']"
FUN_011500,20,0.28303859221186556,1.0,0.7169614077881344,False,1.0,"['mirna_Cluster_12083', 'mirna_Cluster_12081', 'mirna_Cluster_12087', 'mirna_Cluster_2746', 'lncrna_lncRNA_13226', 'lncrna_lncRNA_31401', 'lncrna_lncRNA_12684', 'lncrna_lncRNA_43958', 'lncrna_lncRNA_12682', 'lncrna_lncRNA_52625', 'lncrna_lncRNA_32150', 'lncrna_lncRNA_29264', 'lncrna_lncRNA_52622', 'lncrna_lncRNA_52623', 'methylation_CpG_ptg000011l_8391239', 'methylation_CpG_ptg000011l_8393002', 'methylation_CpG_ptg000004l_4757244', 'methylation_CpG_ptg000007l_6510226', 'methylation_CpG_ptg000011l_5627236', 'methylation_CpG_ptg000030l_2148036']"
FUN_043514,25,0.1264595857475671,0.8112071185774097,0.6847475328298426,False,0.07367860458865705,"['mirna_Cluster_15097', 'mirna_Cluster_13647', 'mirna_Cluster_13327', 'mirna_Cluster_11565', 'mirna_Cluster_12087', 'lncrna_lncRNA_4035', 'lncrna_lncRNA_30847', 'lncrna_lncRNA_18439', 'lncrna_lncRNA_30846', 'lncrna_lncRNA_51570', 'lncrna_lncRNA_51571', 'lncrna_lncRNA_54020', 'lncrna_lncRNA_54021', 'lncrna_lncRNA_54022', 'lncrna_lncRNA_54023', 'methylation_CpG_ptg000001l_3069457', 'methylation_CpG_ntLink_8_16166797', 'methylation_CpG_ptg000031l_8422874', 'methylation_CpG_ptg000025l_14126680', 'methylation_CpG_ptg000023l_17397288', 'methylation_CpG_ptg000031l_8422870', 'methylation_CpG_ptg000024l_8612165', 'methylation_CpG_ptg000023l_1199639', 'methylation_CpG_ptg000029c_793095', 'methylation_CpG_ptg000016l_5715734']"
FUN_019646,20,0.2579903834384123,0.7323616024105091,0.4743712189720968,False,0.11066914643290904,"['lncrna_lncRNA_4420', 'lncrna_lncRNA_10511', 'lncrna_lncRNA_19754', 'lncrna_lncRNA_21238', 'lncrna_lncRNA_44047', 'lncrna_lncRNA_38513', 'lncrna_lncRNA_6946', 'lncrna_lncRNA_50161', 'lncrna_lncRNA_50162', 'lncrna_lncRNA_7452', 'methylation_CpG_ptg000030l_2148036', 'methylation_CpG_ptg000030l_2148033', 'methylation_CpG_ptg000030l_2148096', 'methylation_CpG_ptg000011l_5627241', 'methylation_CpG_ptg000004l_4759974', 'methylation_CpG_ptg000030l_2148069', 'methylation_CpG_ptg000011l_8391275', 'methylation_CpG_ptg000011l_5627243', 'methylation_CpG_ptg000030l_2148108', 'methylation_CpG_ptg000011l_8393753']"
FUN_015527,21,0.10218889263488296,0.9798773965738684,0.8776885039389855,True,5.777300859932666e-11,"['mirna_Cluster_12083', 'mirna_Cluster_12081', 'mirna_Cluster_12087', 'lncrna_lncRNA_48492', 'lncrna_lncRNA_39484', 'lncrna_lncRNA_26914', 'lncrna_lncRNA_13763', 'lncrna_lncRNA_42333', 'lncrna_lncRNA_48490', 'lncrna_lncRNA_12737', 'lncrna_lncRNA_40305', 'lncrna_lncRNA_1499', 'lncrna_lncRNA_34423', 'methylation_CpG_ptg000011l_8391239', 'methylation_CpG_ptg000015l_6211723', 'methylation_CpG_ptg000027l_11256965', 'methylation_CpG_ptg000004l_4757244', 'methylation_CpG_ptg000027l_13568474', 'methylation_CpG_ptg000004l_4756886', 'methylation_CpG_ptg000031l_10997042', 'methylation_CpG_ptg000030l_3155880']"
FUN_003603,26,0.23757817167976858,0.9691521936232375,0.7315740219434689,True,1.4656726810335918e-05,"['mirna_Cluster_12083', 'mirna_Cluster_12081', 'mirna_Cluster_12087', 'mirna_Cluster_4754', 'mirna_Cluster_2746', 'mirna_Cluster_14610', 'lncrna_lncRNA_209', 'lncrna_lncRNA_1864', 'lncrna_lncRNA_54824', 'lncrna_lncRNA_29607', 'lncrna_lncRNA_13657', 'lncrna_lncRNA_10181', 'lncrna_lncRNA_48666', 'lncrna_lncRNA_32778', 'lncrna_lncRNA_40489', 'lncrna_lncRNA_49349', 'methylation_CpG_ptg000011l_8391239', 'methylation_CpG_ptg000011l_8395973', 'methylation_CpG_ptg000025l_13842062', 'methylation_CpG_ptg000007l_6510226', 'methylation_CpG_ptg000004l_4757244', 'methylation_CpG_ntLink_6_19920923', 'methylation_CpG_ptg000008l_12977384', 'methylation_CpG_ptg000011l_8394047', 'methylation_CpG_ptg000011l_8393002', 'methylation_CpG_ptg000027l_13568456']"
FUN_022434,30,0.3019040525126624,0.9714844440194733,0.6695803915068109,True,0.0018902155088879047,"['mirna_Cluster_16354', 'mirna_Cluster_17245', 'mirna_Cluster_14532', 'mirna_Cluster_2746', 'mirna_Cluster_15097', 'mirna_Cluster_3226', 'mirna_Cluster_2500', 'mirna_Cluster_4036', 'mirna_Cluster_5516', 'mirna_Cluster_2372', 'lncrna_lncRNA_48741', 'lncrna_lncRNA_37974', 'lncrna_lncRNA_35218', 'lncrna_lncRNA_25267', 'lncrna_lncRNA_13534', 'lncrna_lncRNA_35217', 'lncrna_lncRNA_48742', 'lncrna_lncRNA_7625', 'lncrna_lncRNA_43204', 'lncrna_lncRNA_4540', 'methylation_CpG_ptg000011l_8396017', 'methylation_CpG_ptg000027l_13568498', 'methylation_CpG_ptg000018l_13662264', 'methylation_CpG_ptg000031l_13053265', 'methylation_CpG_ptg000022l_5440529', 'methylation_CpG_ptg000009l_18122328', 'methylation_CpG_ptg000023l_35051554', 'methylation_CpG_ptg000047l_4021443', 'methylation_CpG_ptg000023l_29344852', 'methylation_CpG_ptg000004l_4757198']"
HNK2_XENLA_FUN_016373,24,0.19210900735930558,0.9427977834381649,0.7506887760788593,True,4.6375284599164956e-05,"['mirna_Cluster_11565', 'mirna_Cluster_1836', 'mirna_Cluster_14532', 'mirna_Cluster_16354', 'lncrna_lncRNA_22276', 'lncrna_lncRNA_2771', 'lncrna_lncRNA_18143', 'lncrna_lncRNA_18144', 'lncrna_lncRNA_21933', 'lncrna_lncRNA_21935', 'lncrna_lncRNA_3651', 'lncrna_lncRNA_21934', 'lncrna_lncRNA_21936', 'lncrna_lncRNA_8603', 'methylation_CpG_ptg000009l_18122328', 'methylation_CpG_ptg000023l_29344852', 'methylation_CpG_ptg000011l_8396017', 'methylation_CpG_ptg000011l_8395967', 'methylation_CpG_ptg000004l_4757204', 'methylation_CpG_ptg000023l_17397326', 'methylation_CpG_ptg000011l_8391132', 'methylation_CpG_ptg000008l_25384624', 'methylation_CpG_ptg000007l_10144998', 'methylation_CpG_ptg000007l_10145000']"
FUN_000555,21,0.23078375476688961,0.9164268008435228,0.6856430460766332,True,4.080450652099721e-05,"['mirna_Cluster_11565', 'lncrna_lncRNA_25329', 'lncrna_lncRNA_3028', 'lncrna_lncRNA_36727', 'lncrna_lncRNA_1323', 'lncrna_lncRNA_1322', 'lncrna_lncRNA_7681', 'lncrna_lncRNA_7679', 'lncrna_lncRNA_46136', 'lncrna_lncRNA_26757', 'lncrna_lncRNA_13449', 'methylation_CpG_ptg000023l_29344852', 'methylation_CpG_ptg000009l_18122328', 'methylation_CpG_ptg000011l_8396017', 'methylation_CpG_ptg000008l_25384624', 'methylation_CpG_ptg000023l_35051554', 'methylation_CpG_ptg000011l_8395967', 'methylation_CpG_ptg000021l_6264633', 'methylation_CpG_ptg000031l_8422617', 'methylation_CpG_ptg000008l_25384626', 'methylation_CpG_ptg000025l_13842125']"
FUN_009223,21,0.13880195190953992,0.9132333683043148,0.7744314163947749,True,2.218987696767094e-05,"['mirna_Cluster_14633', 'lncrna_lncRNA_19669', 'lncrna_lncRNA_51609', 'lncrna_lncRNA_6727', 'lncrna_lncRNA_7333', 'lncrna_lncRNA_10652', 'lncrna_lncRNA_12051', 'lncrna_lncRNA_32253', 'lncrna_lncRNA_7408', 'lncrna_lncRNA_7411', 'lncrna_lncRNA_6773', 'methylation_CpG_ptg000021l_6264598', 'methylation_CpG_ptg000021l_6264620', 'methylation_CpG_ptg000047l_4021399', 'methylation_CpG_ptg000009l_18122328', 'methylation_CpG_ptg000031l_8422617', 'methylation_CpG_ptg000008l_25384624', 'methylation_CpG_ptg000004l_4759974', 'methylation_CpG_ntLink_8_16166741', 'methylation_CpG_ntLink_8_34790312', 'methylation_CpG_ntLink_8_16166717']"
MALT1_HUMAN_FUN_004768,30,0.13295483678905884,0.9336341699944658,0.800679333205407,True,0.021295621741671433,"['mirna_Cluster_16354', 'mirna_Cluster_1836', 'mirna_Cluster_2500', 'mirna_Cluster_14532', 'mirna_Cluster_17245', 'mirna_Cluster_12087', 'mirna_Cluster_12081', 'mirna_Cluster_2746', 'mirna_Cluster_2372', 'mirna_Cluster_17623', 'lncrna_lncRNA_18689', 'lncrna_lncRNA_40977', 'lncrna_lncRNA_54317', 'lncrna_lncRNA_46112', 'lncrna_lncRNA_54319', 'lncrna_lncRNA_54318', 'lncrna_lncRNA_54316', 'lncrna_lncRNA_54320', 'lncrna_lncRNA_8831', 'lncrna_lncRNA_45386', 'methylation_CpG_ptg000007l_6510243', 'methylation_CpG_ptg000018l_13662264', 'methylation_CpG_ptg000008l_12977382', 'methylation_CpG_ptg000008l_12977341', 'methylation_CpG_ptg000009l_18122328', 'methylation_CpG_ptg000007l_6510240', 'methylation_CpG_ptg000025l_13842128', 'methylation_CpG_ptg000031l_13053265', 'methylation_CpG_ptg000009l_7035550', 'methylation_CpG_ptg000012l_8971736']"
FUN_003457,27,0.23028947836253666,0.9528862975181531,0.7225968191556165,True,0.0005135997446138463,"['mirna_Cluster_9532', 'mirna_Cluster_2746', 'mirna_Cluster_3301', 'mirna_Cluster_4036', 'mirna_Cluster_5516', 'mirna_Cluster_17173', 'mirna_Cluster_16354', 'mirna_Cluster_14692', 'mirna_Cluster_2500', 'mirna_Cluster_10452', 'lncrna_lncRNA_50877', 'lncrna_lncRNA_50875', 'lncrna_lncRNA_50876', 'lncrna_lncRNA_50872', 'lncrna_lncRNA_50871', 'lncrna_lncRNA_27753', 'lncrna_lncRNA_50677', 'lncrna_lncRNA_50874', 'lncrna_lncRNA_47634', 'lncrna_lncRNA_38650', 'methylation_CpG_ptg000027l_11737161', 'methylation_CpG_ptg000031l_8422911', 'methylation_CpG_ptg000011l_8393002', 'methylation_CpG_ptg000031l_8422874', 'methylation_CpG_ptg000011l_8393679', 'methylation_CpG_ptg000027l_11257129', 'methylation_CpG_ntLink_8_16166797']"
H2AX_DANRE_FUN_038936,20,0.8024497084082769,0.9061351888666738,0.10368548045839687,False,0.41527651188992176,"['lncrna_lncRNA_30407', 'lncrna_lncRNA_30987', 'lncrna_lncRNA_19144', 'lncrna_lncRNA_9154', 'lncrna_lncRNA_3624', 'lncrna_lncRNA_46561', 'lncrna_lncRNA_49713', 'lncrna_lncRNA_3355', 'lncrna_lncRNA_8591', 'lncrna_lncRNA_860', 'methylation_CpG_ptg000047l_4021456', 'methylation_CpG_ptg000047l_4021443', 'methylation_CpG_ptg000023l_17397340', 'methylation_CpG_ptg000004l_4757198', 'methylation_CpG_ptg000016l_5715710', 'methylation_CpG_ptg000011l_8393755', 'methylation_CpG_ptg000011l_8393629', 'methylation_CpG_ptg000007l_5089326', 'methylation_CpG_ptg000015l_6211723', 'methylation_CpG_ptg000023l_17397326']"
RPN2_CANLF_FUN_008921,21,0.16958341237370023,0.9472468547452143,0.7776634423715141,True,4.829086179825026e-07,"['mirna_Cluster_13647', 'lncrna_lncRNA_31120', 'lncrna_lncRNA_1245', 'lncrna_lncRNA_45379', 'lncrna_lncRNA_26728', 'lncrna_lncRNA_45380', 'lncrna_lncRNA_41020', 'lncrna_lncRNA_19791', 'lncrna_lncRNA_17901', 'lncrna_lncRNA_8796', 'lncrna_lncRNA_22324', 'methylation_CpG_ptg000027l_11257173', 'methylation_CpG_ptg000027l_11257181', 'methylation_CpG_ptg000011l_967757', 'methylation_CpG_ptg000027l_11257129', 'methylation_CpG_ptg000027l_11257122', 'methylation_CpG_ptg000016l_5715722', 'methylation_CpG_ptg000027l_11257163', 'methylation_CpG_ptg000060c_58292', 'methylation_CpG_ptg000012l_8047034', 'methylation_CpG_ptg000030l_2148033']"
FUN_028254,21,0.11309907419519005,0.9400960909449616,0.8269970167497716,True,8.101805140103835e-07,"['mirna_Cluster_1951', 'lncrna_lncRNA_36659', 'lncrna_lncRNA_36663', 'lncrna_lncRNA_36660', 'lncrna_lncRNA_36662', 'lncrna_lncRNA_30225', 'lncrna_lncRNA_15398', 'lncrna_lncRNA_15397', 'lncrna_lncRNA_38292', 'lncrna_lncRNA_42474', 'lncrna_lncRNA_42475', 'methylation_CpG_ptg000027l_11737161', 'methylation_CpG_ptg000015l_6211680', 'methylation_CpG_ptg000015l_2160436', 'methylation_CpG_ptg000012l_8047034', 'methylation_CpG_ptg000023l_35051554', 'methylation_CpG_ptg000011l_5627241', 'methylation_CpG_ptg000009l_7035562', 'methylation_CpG_ptg000031l_8422911', 'methylation_CpG_ptg000023l_36913014', 'methylation_CpG_ptg000023l_36913036']"
AQP4_MOUSE_FUN_015407,20,0.9958246984189403,0.9977727430656952,0.0019480446467549095,False,0.6133286218849532,"['lncrna_lncRNA_18189', 'lncrna_lncRNA_929', 'lncrna_lncRNA_46382', 'lncrna_lncRNA_46381', 'lncrna_lncRNA_35709', 'lncrna_lncRNA_6837', 'lncrna_lncRNA_37314', 'lncrna_lncRNA_2528', 'lncrna_lncRNA_29617', 'lncrna_lncRNA_27996', 'methylation_CpG_ptg000011l_8394054', 'methylation_CpG_ntLink_8_34790315', 'methylation_CpG_ptg000011l_967757', 'methylation_CpG_ntLink_8_34790312', 'methylation_CpG_ptg000011l_967726', 'methylation_CpG_ntLink_8_34790345', 'methylation_CpG_ptg000011l_8393679', 'methylation_CpG_ptg000009l_7035575', 'methylation_CpG_ptg000009l_7035570', 'methylation_CpG_ptg000015l_6211723']"
PRPS2_XENTR_FUN_023959,26,0.12071512379481919,0.9720184528723159,0.8513033290774967,True,3.3613658483311326e-06,"['mirna_Cluster_5685', 'mirna_Cluster_3226', 'mirna_Cluster_2746', 'mirna_Cluster_12087', 'mirna_Cluster_12081', 'mirna_Cluster_12083', 'lncrna_lncRNA_36641', 'lncrna_lncRNA_41020', 'lncrna_lncRNA_42592', 'lncrna_lncRNA_10777', 'lncrna_lncRNA_54230', 'lncrna_lncRNA_29826', 'lncrna_lncRNA_54047', 'lncrna_lncRNA_461', 'lncrna_lncRNA_462', 'lncrna_lncRNA_463', 'methylation_CpG_ntLink_6_13135361', 'methylation_CpG_ptg000007l_10144971', 'methylation_CpG_ptg000031l_8422911', 'methylation_CpG_ptg000007l_6510243', 'methylation_CpG_ptg000011l_967726', 'methylation_CpG_ptg000007l_6510240', 'methylation_CpG_ptg000007l_6510300', 'methylation_CpG_ptg000011l_8393002', 'methylation_CpG_ptg000007l_6510226', 'methylation_CpG_ptg000018l_13662322']"
TLR2_GIRCA_FUN_022419,30,0.2521966560647605,0.9377511104026744,0.685554454337914,True,0.028779259613498698,"['mirna_Cluster_15097', 'mirna_Cluster_3226', 'mirna_Cluster_2746', 'mirna_Cluster_14165', 'mirna_Cluster_1865', 'mirna_Cluster_14610', 'mirna_Cluster_4036', 'mirna_Cluster_14532', 'mirna_Cluster_3301', 'mirna_Cluster_10452', 'lncrna_lncRNA_7332', 'lncrna_lncRNA_25855', 'lncrna_lncRNA_18478', 'lncrna_lncRNA_18479', 'lncrna_lncRNA_54007', 'lncrna_lncRNA_54004', 'lncrna_lncRNA_54006', 'lncrna_lncRNA_45015', 'lncrna_lncRNA_18629', 'lncrna_lncRNA_54005', 'methylation_CpG_ptg000023l_14647605', 'methylation_CpG_ptg000001l_3069507', 'methylation_CpG_ptg000001l_3069524', 'methylation_CpG_ptg000016l_3294380', 'methylation_CpG_ntLink_6_19705338', 'methylation_CpG_ntLink_6_19705309', 'methylation_CpG_ptg000027l_13568498', 'methylation_CpG_ptg000001l_3069457', 'methylation_CpG_ptg000021l_6264712', 'methylation_CpG_ptg000027l_11257129']"
WDR33_HUMAN_FUN_012677,25,0.15521325091503613,0.9154259434093702,0.7602126924943341,True,0.0011800424285279831,"['mirna_Cluster_15097', 'mirna_Cluster_4036', 'mirna_Cluster_5685', 'mirna_Cluster_3301', 'mirna_Cluster_14532', 'lncrna_lncRNA_2916', 'lncrna_lncRNA_26726', 'lncrna_lncRNA_26725', 'lncrna_lncRNA_26724', 'lncrna_lncRNA_3008', 'lncrna_lncRNA_54264', 'lncrna_lncRNA_44787', 'lncrna_lncRNA_3935', 'lncrna_lncRNA_30845', 'lncrna_lncRNA_38423', 'methylation_CpG_ptg000001l_3069507', 'methylation_CpG_ptg000027l_11257209', 'methylation_CpG_ptg000001l_3069524', 'methylation_CpG_ptg000030l_2148096', 'methylation_CpG_ptg000030l_2148036', 'methylation_CpG_ptg000027l_11257129', 'methylation_CpG_ptg000030l_2148033', 'methylation_CpG_ptg000027l_11257181', 'methylation_CpG_ptg000016l_3294380', 'methylation_CpG_ptg000011l_8396354']"
FUN_006258,20,0.8907960262223301,1.0,0.10920397377766988,False,1.0,"['lncrna_lncRNA_54447', 'lncrna_lncRNA_30772', 'lncrna_lncRNA_30771', 'lncrna_lncRNA_8434', 'lncrna_lncRNA_13752', 'lncrna_lncRNA_36265', 'lncrna_lncRNA_37489', 'lncrna_lncRNA_43125', 'lncrna_lncRNA_41388', 'lncrna_lncRNA_42514', 'methylation_CpG_ptg000011l_8392776', 'methylation_CpG_ntLink_8_34790312', 'methylation_CpG_ptg000011l_8395954', 'methylation_CpG_ptg000015l_2160436', 'methylation_CpG_ntLink_8_34790345', 'methylation_CpG_ptg000031l_8422870', 'methylation_CpG_ptg000004l_4756880', 'methylation_CpG_ntLink_8_34790315', 'methylation_CpG_ptg000012l_8046997', 'methylation_CpG_ptg000021l_6264633']"
FUN_015003,20,0.545046653734185,0.8038625066094229,0.2588158528752379,False,0.2757452052023224,"['lncrna_lncRNA_45303', 'lncrna_lncRNA_318', 'lncrna_lncRNA_26784', 'lncrna_lncRNA_9166', 'lncrna_lncRNA_19933', 'lncrna_lncRNA_908', 'lncrna_lncRNA_19932', 'lncrna_lncRNA_54353', 'lncrna_lncRNA_54354', 'lncrna_lncRNA_54352', 'methylation_CpG_ptg000012l_8971736', 'methylation_CpG_ptg000009l_7035550', 'methylation_CpG_ptg000011l_8393332', 'methylation_CpG_ptg000008l_12977341', 'methylation_CpG_ptg000009l_7035562', 'methylation_CpG_ptg000027l_11257122', 'methylation_CpG_ptg000008l_12977382', 'methylation_CpG_ntLink_6_13135361', 'methylation_CpG_ntLink_6_19920923', 'methylation_CpG_ptg000007l_5089313']"
FUN_030176,30,0.13949817637453865,0.9882428594502546,0.8487446830757159,True,1.8545651010004605e-05,"['mirna_Cluster_2372', 'mirna_Cluster_9380', 'mirna_Cluster_9512', 'mirna_Cluster_17245', 'mirna_Cluster_5603', 'mirna_Cluster_9420', 'mirna_Cluster_9706', 'mirna_Cluster_9786', 'mirna_Cluster_3227', 'mirna_Cluster_1836', 'lncrna_lncRNA_28221', 'lncrna_lncRNA_33469', 'lncrna_lncRNA_3587', 'lncrna_lncRNA_29653', 'lncrna_lncRNA_29654', 'lncrna_lncRNA_29655', 'lncrna_lncRNA_52589', 'lncrna_lncRNA_25658', 'lncrna_lncRNA_40704', 'lncrna_lncRNA_5863', 'methylation_CpG_ptg000011l_8394044', 'methylation_CpG_ntLink_8_16166883', 'methylation_CpG_ntLink_8_16166893', 'methylation_CpG_ptg000023l_17397288', 'methylation_CpG_ptg000021l_6264712', 'methylation_CpG_ntLink_8_23080768', 'methylation_CpG_ptg000030l_2148108', 'methylation_CpG_ptg000030l_2148033', 'methylation_CpG_ptg000027l_2551252', 'methylation_CpG_ptg000023l_14647558']"
FUN_017411,30,0.5973173235099758,0.9725283988735575,0.37521107536358167,True,0.01394755387010238,"['mirna_Cluster_5685', 'mirna_Cluster_1833', 'mirna_Cluster_17192', 'mirna_Cluster_9786', 'mirna_Cluster_4034', 'mirna_Cluster_9366', 'mirna_Cluster_14692', 'mirna_Cluster_1950', 'mirna_Cluster_17186', 'mirna_Cluster_17173', 'lncrna_lncRNA_44802', 'lncrna_lncRNA_28704', 'lncrna_lncRNA_42478', 'lncrna_lncRNA_2392', 'lncrna_lncRNA_2393', 'lncrna_lncRNA_33414', 'lncrna_lncRNA_25769', 'lncrna_lncRNA_25768', 'lncrna_lncRNA_1099', 'lncrna_lncRNA_42143', 'methylation_CpG_ptg000011l_8396367', 'methylation_CpG_ptg000020l_10589614', 'methylation_CpG_ptg000011l_8396354', 'methylation_CpG_ptg000015l_6211680', 'methylation_CpG_ptg000020l_10589616', 'methylation_CpG_ptg000011l_8396383', 'methylation_CpG_ptg000011l_8396378', 'methylation_CpG_ptg000023l_17397315', 'methylation_CpG_ntLink_6_13134800', 'methylation_CpG_ptg000027l_11256965']"
FUN_017645,28,0.24002642752039116,0.9836091726512202,0.743582745130829,True,7.082386875412183e-06,"['mirna_Cluster_13327', 'mirna_Cluster_1865', 'mirna_Cluster_5603', 'mirna_Cluster_5517', 'mirna_Cluster_13647', 'mirna_Cluster_1832', 'mirna_Cluster_4026', 'mirna_Cluster_9532', 'lncrna_lncRNA_16047', 'lncrna_lncRNA_1047', 'lncrna_lncRNA_34748', 'lncrna_lncRNA_36842', 'lncrna_lncRNA_14038', 'lncrna_lncRNA_40936', 'lncrna_lncRNA_45065', 'lncrna_lncRNA_14748', 'lncrna_lncRNA_14749', 'lncrna_lncRNA_53732', 'methylation_CpG_ptg000018l_14489745', 'methylation_CpG_ptg000016l_3294397', 'methylation_CpG_ptg000011l_8392977', 'methylation_CpG_ptg000011l_8393022', 'methylation_CpG_ptg000016l_3294411', 'methylation_CpG_ptg000012l_8046972', 'methylation_CpG_ptg000016l_3294415', 'methylation_CpG_ntLink_6_13134419', 'methylation_CpG_ptg000031l_13053283', 'methylation_CpG_ptg000023l_17397326']"
CUTC_HUMAN_FUN_000862,30,0.2905384674846304,0.9818383806060315,0.691299913121401,True,0.0002738499196038857,"['mirna_Cluster_16354', 'mirna_Cluster_4754', 'mirna_Cluster_3226', 'mirna_Cluster_14532', 'mirna_Cluster_4036', 'mirna_Cluster_15097', 'mirna_Cluster_2372', 'mirna_Cluster_2500', 'mirna_Cluster_5516', 'mirna_Cluster_17245', 'lncrna_lncRNA_20374', 'lncrna_lncRNA_25162', 'lncrna_lncRNA_2970', 'lncrna_lncRNA_14835', 'lncrna_lncRNA_30392', 'lncrna_lncRNA_1108', 'lncrna_lncRNA_27760', 'lncrna_lncRNA_51246', 'lncrna_lncRNA_29606', 'lncrna_lncRNA_13524', 'methylation_CpG_ptg000030l_2148033', 'methylation_CpG_ptg000030l_2148141', 'methylation_CpG_ptg000031l_13053265', 'methylation_CpG_ptg000027l_13568498', 'methylation_CpG_ptg000030l_2148036', 'methylation_CpG_ptg000030l_2148096', 'methylation_CpG_ptg000025l_13842128', 'methylation_CpG_ptg000027l_13568450', 'methylation_CpG_ptg000025l_13842125', 'methylation_CpG_ptg000007l_5089303']"
FUN_014179,30,0.4187725454070975,0.9928633065035383,0.5740907610964407,True,1.164468127434759e-05,"['mirna_Cluster_1865', 'mirna_Cluster_2500', 'mirna_Cluster_14532', 'mirna_Cluster_15097', 'mirna_Cluster_1819', 'mirna_Cluster_5517', 'mirna_Cluster_17623', 'mirna_Cluster_10452', 'mirna_Cluster_9532', 'mirna_Cluster_13327', 'lncrna_lncRNA_32505', 'lncrna_lncRNA_42986', 'lncrna_lncRNA_42989', 'lncrna_lncRNA_21874', 'lncrna_lncRNA_7227', 'lncrna_lncRNA_18986', 'lncrna_lncRNA_14899', 'lncrna_lncRNA_42990', 'lncrna_lncRNA_45908', 'lncrna_lncRNA_43499', 'methylation_CpG_ptg000024l_8612204', 'methylation_CpG_ptg000018l_14489745', 'methylation_CpG_ptg000031l_9119576', 'methylation_CpG_ptg000031l_8422617', 'methylation_CpG_ptg000012l_8046972', 'methylation_CpG_ptg000016l_3294397', 'methylation_CpG_ptg000011l_8393022', 'methylation_CpG_ptg000027l_13568498', 'methylation_CpG_ptg000011l_8392977', 'methylation_CpG_ptg000007l_9141311']"
FUN_029647,21,0.07763765998293815,0.8521721336083236,0.7745344736253854,True,0.0008441250207777973,"['mirna_Cluster_17623', 'lncrna_lncRNA_53059', 'lncrna_lncRNA_54007', 'lncrna_lncRNA_54006', 'lncrna_lncRNA_54005', 'lncrna_lncRNA_53503', 'lncrna_lncRNA_54004', 'lncrna_lncRNA_54420', 'lncrna_lncRNA_35284', 'lncrna_lncRNA_41532', 'lncrna_lncRNA_28130', 'methylation_CpG_ptg000060c_58340', 'methylation_CpG_ptg000012l_8047014', 'methylation_CpG_ptg000033l_1262376', 'methylation_CpG_ptg000023l_14647605', 'methylation_CpG_ptg000023l_17397340', 'methylation_CpG_ptg000016l_3294380', 'methylation_CpG_ptg000023l_14647558', 'methylation_CpG_ptg000018l_8065358', 'methylation_CpG_ptg000004l_4757487', 'methylation_CpG_ptg000031l_8422617']"
FUN_010992,26,0.18405715846885895,0.8848219743050291,0.7007648158361701,True,0.01695537760733623,"['mirna_Cluster_15097', 'mirna_Cluster_14610', 'mirna_Cluster_4754', 'mirna_Cluster_1865', 'mirna_Cluster_5517', 'mirna_Cluster_17245', 'lncrna_lncRNA_6414', 'lncrna_lncRNA_53565', 'lncrna_lncRNA_53566', 'lncrna_lncRNA_53567', 'lncrna_lncRNA_30935', 'lncrna_lncRNA_54174', 'lncrna_lncRNA_21873', 'lncrna_lncRNA_54173', 'lncrna_lncRNA_46358', 'lncrna_lncRNA_8570', 'methylation_CpG_ptg000030l_2148141', 'methylation_CpG_ptg000025l_14126680', 'methylation_CpG_ptg000027l_11257081', 'methylation_CpG_ptg000021l_6264712', 'methylation_CpG_ptg000020l_10589614', 'methylation_CpG_ptg000030l_2148069', 'methylation_CpG_ptg000011l_8393678', 'methylation_CpG_ptg000030l_2148033', 'methylation_CpG_ptg000011l_8392623', 'methylation_CpG_ptg000011l_8391178']"
FUN_012915,25,0.49137483336892285,0.9672716022100445,0.47589676884112164,True,7.708862456912158e-05,"['mirna_Cluster_12081', 'mirna_Cluster_12083', 'mirna_Cluster_12087', 'mirna_Cluster_2746', 'mirna_Cluster_4036', 'lncrna_lncRNA_20453', 'lncrna_lncRNA_20457', 'lncrna_lncRNA_20458', 'lncrna_lncRNA_20455', 'lncrna_lncRNA_20459', 'lncrna_lncRNA_19973', 'lncrna_lncRNA_20456', 'lncrna_lncRNA_20454', 'lncrna_lncRNA_20452', 'lncrna_lncRNA_20451', 'methylation_CpG_ptg000060c_58340', 'methylation_CpG_ptg000025l_13842132', 'methylation_CpG_ptg000007l_6510282', 'methylation_CpG_ptg000011l_8393002', 'methylation_CpG_ptg000023l_35051554', 'methylation_CpG_ptg000027l_11257129', 'methylation_CpG_ptg000012l_8046997', 'methylation_CpG_ptg000025l_13842128', 'methylation_CpG_ptg000007l_6510205', 'methylation_CpG_ptg000007l_6510240']"
5NT3A_CHICK_FUN_018414,23,0.11888171444306972,0.9496417660554478,0.8307600516123781,True,2.962306280385185e-06,"['mirna_Cluster_13647', 'mirna_Cluster_13327', 'mirna_Cluster_5685', 'lncrna_lncRNA_7364', 'lncrna_lncRNA_14836', 'lncrna_lncRNA_17926', 'lncrna_lncRNA_33126', 'lncrna_lncRNA_17892', 'lncrna_lncRNA_14837', 'lncrna_lncRNA_38423', 'lncrna_lncRNA_8570', 'lncrna_lncRNA_10581', 'lncrna_lncRNA_45328', 'methylation_CpG_ptg000012l_8047034', 'methylation_CpG_ptg000012l_8047014', 'methylation_CpG_ptg000030l_2148033', 'methylation_CpG_ptg000027l_11257129', 'methylation_CpG_ptg000030l_2148036', 'methylation_CpG_ptg000027l_11257173', 'methylation_CpG_ptg000027l_11257181', 'methylation_CpG_ptg000030l_2148108', 'methylation_CpG_ptg000027l_11257122', 'methylation_CpG_ptg000018l_8065358']"
AT2B3_HUMAN_FUN_005906,30,0.37334041232797466,0.9869642306218952,0.6136238182939205,True,0.00011355968481607803,"['mirna_Cluster_16354', 'mirna_Cluster_14532', 'mirna_Cluster_1865', 'mirna_Cluster_5516', 'mirna_Cluster_17623', 'mirna_Cluster_2500', 'mirna_Cluster_2372', 'mirna_Cluster_17245', 'mirna_Cluster_3109', 'mirna_Cluster_14605', 'lncrna_lncRNA_11999', 'lncrna_lncRNA_1251', 'lncrna_lncRNA_8467', 'lncrna_lncRNA_45016', 'lncrna_lncRNA_25520', 'lncrna_lncRNA_48812', 'lncrna_lncRNA_375', 'lncrna_lncRNA_6551', 'lncrna_lncRNA_41139', 'lncrna_lncRNA_37301', 'methylation_CpG_ptg000004l_4757204', 'methylation_CpG_ptg000030l_2148033', 'methylation_CpG_ptg000021l_1750826', 'methylation_CpG_ptg000018l_14489745', 'methylation_CpG_ptg000012l_8046997', 'methylation_CpG_ptg000025l_13842125', 'methylation_CpG_ptg000025l_13842132', 'methylation_CpG_ptg000031l_8422563', 'methylation_CpG_ptg000025l_13842062', 'methylation_CpG_ptg000031l_10997083']"
GCP6_MOUSE_FUN_002404,30,0.2571054478547522,0.9490629199591161,0.6919574721043639,True,0.014211352322241244,"['mirna_Cluster_9366', 'mirna_Cluster_9420', 'mirna_Cluster_2372', 'mirna_Cluster_1865', 'mirna_Cluster_9786', 'mirna_Cluster_5516', 'mirna_Cluster_5685', 'mirna_Cluster_1950', 'mirna_Cluster_14605', 'mirna_Cluster_9380', 'lncrna_lncRNA_38177', 'lncrna_lncRNA_22145', 'lncrna_lncRNA_30935', 'lncrna_lncRNA_20217', 'lncrna_lncRNA_4218', 'lncrna_lncRNA_4219', 'lncrna_lncRNA_4221', 'lncrna_lncRNA_18464', 'lncrna_lncRNA_42627', 'lncrna_lncRNA_18361', 'methylation_CpG_ntLink_8_23080768', 'methylation_CpG_ptg000025l_13842132', 'methylation_CpG_ptg000020l_10589614', 'methylation_CpG_ptg000025l_13842125', 'methylation_CpG_ptg000020l_10589616', 'methylation_CpG_ptg000012l_8047014', 'methylation_CpG_ptg000011l_8391178', 'methylation_CpG_ptg000027l_2551252', 'methylation_CpG_ptg000027l_13568450', 'methylation_CpG_ptg000012l_8047034']"
FUN_030054,30,0.5973173235099758,0.9725283988735575,0.37521107536358167,True,0.01394755387010238,"['mirna_Cluster_5685', 'mirna_Cluster_1833', 'mirna_Cluster_17192', 'mirna_Cluster_9786', 'mirna_Cluster_4034', 'mirna_Cluster_9366', 'mirna_Cluster_14692', 'mirna_Cluster_1950', 'mirna_Cluster_17186', 'mirna_Cluster_17173', 'lncrna_lncRNA_44802', 'lncrna_lncRNA_28704', 'lncrna_lncRNA_42478', 'lncrna_lncRNA_2392', 'lncrna_lncRNA_2393', 'lncrna_lncRNA_33414', 'lncrna_lncRNA_25769', 'lncrna_lncRNA_25768', 'lncrna_lncRNA_1099', 'lncrna_lncRNA_42143', 'methylation_CpG_ptg000011l_8396367', 'methylation_CpG_ptg000020l_10589614', 'methylation_CpG_ptg000011l_8396354', 'methylation_CpG_ptg000015l_6211680', 'methylation_CpG_ptg000020l_10589616', 'methylation_CpG_ptg000011l_8396383', 'methylation_CpG_ptg000011l_8396378', 'methylation_CpG_ptg000023l_17397315', 'methylation_CpG_ntLink_6_13134800', 'methylation_CpG_ptg000027l_11256965']"
FUN_022314,20,0.622365843362524,0.9138240048647266,0.2914581615022026,True,0.005431967623943046,"['lncrna_lncRNA_13754', 'lncrna_lncRNA_25359', 'lncrna_lncRNA_18169', 'lncrna_lncRNA_32718', 'lncrna_lncRNA_14750', 'lncrna_lncRNA_30935', 'lncrna_lncRNA_18541', 'lncrna_lncRNA_4082', 'lncrna_lncRNA_51292', 'lncrna_lncRNA_36505', 'methylation_CpG_ntLink_8_23080768', 'methylation_CpG_ptg000020l_10589614', 'methylation_CpG_ptg000027l_11257209', 'methylation_CpG_ptg000009l_7035575', 'methylation_CpG_ptg000027l_2551260', 'methylation_CpG_ptg000060c_58292', 'methylation_CpG_ptg000030l_2148069', 'methylation_CpG_ptg000009l_7035562', 'methylation_CpG_ptg000027l_2551252', 'methylation_CpG_ptg000009l_7035570']"
FUN_025739,21,0.07902965669332807,0.8271836397368478,0.7481539830435198,True,0.002696583842225597,"['mirna_Cluster_13647', 'lncrna_lncRNA_40946', 'lncrna_lncRNA_36535', 'lncrna_lncRNA_40945', 'lncrna_lncRNA_29955', 'lncrna_lncRNA_30088', 'lncrna_lncRNA_30089', 'lncrna_lncRNA_40944', 'lncrna_lncRNA_42208', 'lncrna_lncRNA_30091', 'lncrna_lncRNA_36809', 'methylation_CpG_ptg000027l_11257012', 'methylation_CpG_ptg000031l_8422870', 'methylation_CpG_ptg000021l_6264620', 'methylation_CpG_ptg000027l_11257081', 'methylation_CpG_ptg000023l_17397288', 'methylation_CpG_ptg000011l_8391132', 'methylation_CpG_ptg000016l_5715698', 'methylation_CpG_ptg000023l_35051554', 'methylation_CpG_ptg000011l_8394044', 'methylation_CpG_ptg000027l_2551260']"
FUN_002929,30,0.22467998814598755,0.979370288814788,0.7546903006688005,True,0.0003222218272722621,"['mirna_Cluster_14532', 'mirna_Cluster_1865', 'mirna_Cluster_3109', 'mirna_Cluster_17623', 'mirna_Cluster_1819', 'mirna_Cluster_14146', 'mirna_Cluster_5603', 'mirna_Cluster_14692', 'mirna_Cluster_14605', 'mirna_Cluster_15097', 'lncrna_lncRNA_21474', 'lncrna_lncRNA_32588', 'lncrna_lncRNA_41453', 'lncrna_lncRNA_33384', 'lncrna_lncRNA_10935', 'lncrna_lncRNA_10936', 'lncrna_lncRNA_10435', 'lncrna_lncRNA_1079', 'lncrna_lncRNA_38725', 'lncrna_lncRNA_22240', 'methylation_CpG_ptg000015l_2160436', 'methylation_CpG_ptg000011l_8392776', 'methylation_CpG_ptg000012l_8046972', 'methylation_CpG_ntLink_8_34790345', 'methylation_CpG_ptg000018l_14489745', 'methylation_CpG_ptg000031l_8422870', 'methylation_CpG_ptg000011l_8393629', 'methylation_CpG_ntLink_8_34790312', 'methylation_CpG_ptg000012l_8046997', 'methylation_CpG_ptg000001l_3069457']"
TIM44_HUMAN_FUN_005237,20,0.553173660297681,0.9060430366461993,0.35286937634851834,True,0.002953825981992897,"['lncrna_lncRNA_45379', 'lncrna_lncRNA_45380', 'lncrna_lncRNA_35351', 'lncrna_lncRNA_14774', 'lncrna_lncRNA_7249', 'lncrna_lncRNA_10119', 'lncrna_lncRNA_3528', 'lncrna_lncRNA_157', 'lncrna_lncRNA_13409', 'lncrna_lncRNA_35228', 'methylation_CpG_ptg000012l_8047014', 'methylation_CpG_ptg000012l_8047034', 'methylation_CpG_ntLink_8_34790345', 'methylation_CpG_ptg000033l_1262376', 'methylation_CpG_ptg000027l_11257173', 'methylation_CpG_ptg000004l_4757487', 'methylation_CpG_ptg000011l_8391288', 'methylation_CpG_ptg000012l_8046997', 'methylation_CpG_ptg000011l_967757', 'methylation_CpG_ptg000027l_2551252']"
MMAD_HUMAN_FUN_026470,20,0.5492128421274415,0.8724109861551284,0.3231981440276869,True,0.024686594460209266,"['lncrna_lncRNA_41394', 'lncrna_lncRNA_21524', 'lncrna_lncRNA_36692', 'lncrna_lncRNA_25318', 'lncrna_lncRNA_21955', 'lncrna_lncRNA_21246', 'lncrna_lncRNA_25578', 'lncrna_lncRNA_38195', 'lncrna_lncRNA_36995', 'lncrna_lncRNA_19791', 'methylation_CpG_ptg000011l_967757', 'methylation_CpG_ptg000030l_2148033', 'methylation_CpG_ptg000009l_7035550', 'methylation_CpG_ptg000030l_2148141', 'methylation_CpG_ntLink_6_13135348', 'methylation_CpG_ptg000016l_5715722', 'methylation_CpG_ptg000030l_2148096', 'methylation_CpG_ptg000009l_7035562', 'methylation_CpG_ptg000009l_7035575', 'methylation_CpG_ptg000030l_2148036']"
LAT1_RAT_FUN_019343,30,0.1957932032852444,0.9343287212125674,0.738535517927323,True,0.026879049561636226,"['mirna_Cluster_4754', 'mirna_Cluster_3301', 'mirna_Cluster_14610', 'mirna_Cluster_15097', 'mirna_Cluster_2372', 'mirna_Cluster_5517', 'mirna_Cluster_14605', 'mirna_Cluster_9420', 'mirna_Cluster_17245', 'mirna_Cluster_5516', 'lncrna_lncRNA_31098', 'lncrna_lncRNA_41543', 'lncrna_lncRNA_13280', 'lncrna_lncRNA_54244', 'lncrna_lncRNA_54245', 'lncrna_lncRNA_43149', 'lncrna_lncRNA_3035', 'lncrna_lncRNA_17993', 'lncrna_lncRNA_51218', 'lncrna_lncRNA_41154', 'methylation_CpG_ptg000023l_35051554', 'methylation_CpG_ptg000004l_4757244', 'methylation_CpG_ptg000030l_2148141', 'methylation_CpG_ptg000030l_2148108', 'methylation_CpG_ptg000011l_8395973', 'methylation_CpG_ptg000004l_4757512', 'methylation_CpG_ptg000030l_2148033', 'methylation_CpG_ptg000009l_7035562', 'methylation_CpG_ptg000007l_6510240', 'methylation_CpG_ptg000011l_8391344']"
FUN_032511,21,0.07332121045573425,0.965456329431682,0.8921351189759478,True,4.9725454864812946e-09,"['mirna_Cluster_3227', 'lncrna_lncRNA_53757', 'lncrna_lncRNA_54167', 'lncrna_lncRNA_54166', 'lncrna_lncRNA_7580', 'lncrna_lncRNA_3660', 'lncrna_lncRNA_3661', 'lncrna_lncRNA_46454', 'lncrna_lncRNA_10927', 'lncrna_lncRNA_46455', 'lncrna_lncRNA_3658', 'methylation_CpG_ptg000011l_967726', 'methylation_CpG_ptg000011l_967757', 'methylation_CpG_ptg000016l_5715734', 'methylation_CpG_ptg000011l_8392776', 'methylation_CpG_ptg000011l_8394054', 'methylation_CpG_ntLink_8_34790312', 'methylation_CpG_ptg000011l_8395954', 'methylation_CpG_ptg000027l_13568456', 'methylation_CpG_ntLink_8_34790315', 'methylation_CpG_ptg000025l_13842110']"
FUN_028935,28,0.13391895222796224,0.909620260429552,0.7757013082015898,True,0.016653829840797107,"['mirna_Cluster_14610', 'mirna_Cluster_4754', 'mirna_Cluster_17623', 'mirna_Cluster_2372', 'mirna_Cluster_17245', 'mirna_Cluster_9366', 'mirna_Cluster_1833', 'mirna_Cluster_5517', 'lncrna_lncRNA_8403', 'lncrna_lncRNA_8402', 'lncrna_lncRNA_8404', 'lncrna_lncRNA_8951', 'lncrna_lncRNA_7395', 'lncrna_lncRNA_44535', 'lncrna_lncRNA_44537', 'lncrna_lncRNA_8950', 'lncrna_lncRNA_53707', 'lncrna_lncRNA_53708', 'methylation_CpG_ptg000012l_8971785', 'methylation_CpG_ptg000025l_13842128', 'methylation_CpG_ptg000020l_10589616', 'methylation_CpG_ptg000030l_2148069', 'methylation_CpG_ptg000012l_8971736', 'methylation_CpG_ptg000020l_10589614', 'methylation_CpG_ptg000025l_13842125', 'methylation_CpG_ptg000025l_13842062', 'methylation_CpG_ptg000008l_12977341', 'methylation_CpG_ptg000008l_12977382']"
AVL9_HUMAN_FUN_026068,24,0.1499552597835091,0.9990632779694048,0.8491080181858957,True,1.1102230246251565e-16,"['mirna_Cluster_17192', 'mirna_Cluster_9706', 'mirna_Cluster_4752', 'mirna_Cluster_16354', 'lncrna_lncRNA_30830', 'lncrna_lncRNA_7548', 'lncrna_lncRNA_7547', 'lncrna_lncRNA_40996', 'lncrna_lncRNA_3420', 'lncrna_lncRNA_7549', 'lncrna_lncRNA_971', 'lncrna_lncRNA_47554', 'lncrna_lncRNA_54332', 'lncrna_lncRNA_19566', 'methylation_CpG_ptg000027l_11257094', 'methylation_CpG_ntLink_6_13134800', 'methylation_CpG_ntLink_6_19919676', 'methylation_CpG_ptg000047l_4021399', 'methylation_CpG_ntLink_6_13134839', 'methylation_CpG_ntLink_6_13134542', 'methylation_CpG_ptg000025l_14126701', 'methylation_CpG_ptg000027l_11257081', 'methylation_CpG_ntLink_6_13134032', 'methylation_CpG_ptg000018l_8065358']"
FUN_037014,22,0.07669890362979981,0.9410416583991651,0.8643427547693653,True,1.8950432268960427e-06,"['mirna_Cluster_3301', 'mirna_Cluster_14610', 'lncrna_lncRNA_48609', 'lncrna_lncRNA_14586', 'lncrna_lncRNA_46774', 'lncrna_lncRNA_3182', 'lncrna_lncRNA_40004', 'lncrna_lncRNA_38763', 'lncrna_lncRNA_3233', 'lncrna_lncRNA_4202', 'lncrna_lncRNA_4203', 'lncrna_lncRNA_29799', 'methylation_CpG_ptg000011l_967757', 'methylation_CpG_ntLink_6_13135361', 'methylation_CpG_ptg000011l_967726', 'methylation_CpG_ntLink_6_13134796', 'methylation_CpG_ptg000011l_8394054', 'methylation_CpG_ntLink_6_13134803', 'methylation_CpG_ntLink_6_13134790', 'methylation_CpG_ptg000009l_7035550', 'methylation_CpG_ntLink_6_13134512', 'methylation_CpG_ptg000031l_10997042']"
FUN_037262,20,0.3717375513866813,0.8375213616112387,0.4657838102245574,True,0.013321825992499425,"['lncrna_lncRNA_38832', 'lncrna_lncRNA_53730', 'lncrna_lncRNA_4313', 'lncrna_lncRNA_7731', 'lncrna_lncRNA_2916', 'lncrna_lncRNA_42688', 'lncrna_lncRNA_14124', 'lncrna_lncRNA_32241', 'lncrna_lncRNA_42973', 'lncrna_lncRNA_46515', 'methylation_CpG_ptg000031l_10997083', 'methylation_CpG_ptg000030l_3155863', 'methylation_CpG_ptg000016l_5715710', 'methylation_CpG_ptg000031l_8422874', 'methylation_CpG_ptg000012l_8971736', 'methylation_CpG_ptg000011l_8393678', 'methylation_CpG_ptg000025l_13842128', 'methylation_CpG_ptg000027l_11257129', 'methylation_CpG_ptg000025l_13842062', 'methylation_CpG_ptg000031l_10997042']"
FUN_020813,30,0.41808911858507014,0.9799307169317277,0.5618415983466576,True,0.0009480176005799423,"['mirna_Cluster_3109', 'mirna_Cluster_1865', 'mirna_Cluster_1819', 'mirna_Cluster_17623', 'mirna_Cluster_2500', 'mirna_Cluster_14532', 'mirna_Cluster_10452', 'mirna_Cluster_14692', 'mirna_Cluster_5516', 'mirna_Cluster_14605', 'lncrna_lncRNA_21874', 'lncrna_lncRNA_51325', 'lncrna_lncRNA_52110', 'lncrna_lncRNA_18225', 'lncrna_lncRNA_44575', 'lncrna_lncRNA_44576', 'lncrna_lncRNA_38093', 'lncrna_lncRNA_121', 'lncrna_lncRNA_44573', 'lncrna_lncRNA_10825', 'methylation_CpG_ptg000018l_14489745', 'methylation_CpG_ptg000024l_8612204', 'methylation_CpG_ptg000012l_8046972', 'methylation_CpG_ptg000024l_8612235', 'methylation_CpG_ntLink_6_13134419', 'methylation_CpG_ptg000011l_8396448', 'methylation_CpG_ptg000016l_3294411', 'methylation_CpG_ptg000031l_8422617', 'methylation_CpG_ptg000016l_3294397', 'methylation_CpG_ptg000007l_10142552']"
NMRL1_CHICK_FUN_011878,30,0.4237093173174904,0.9170337163425942,0.49332439902510383,False,0.16827294977720553,"['mirna_Cluster_5516', 'mirna_Cluster_13327', 'mirna_Cluster_1865', 'mirna_Cluster_5603', 'mirna_Cluster_14532', 'mirna_Cluster_17623', 'mirna_Cluster_1819', 'mirna_Cluster_14605', 'mirna_Cluster_9532', 'mirna_Cluster_2746', 'lncrna_lncRNA_42719', 'lncrna_lncRNA_42716', 'lncrna_lncRNA_4492', 'lncrna_lncRNA_42717', 'lncrna_lncRNA_42718', 'lncrna_lncRNA_43127', 'lncrna_lncRNA_43128', 'lncrna_lncRNA_10729', 'lncrna_lncRNA_11999', 'lncrna_lncRNA_4132', 'methylation_CpG_ptg000018l_14489745', 'methylation_CpG_ntLink_6_13134419', 'methylation_CpG_ptg000031l_10997083', 'methylation_CpG_ptg000031l_10997042', 'methylation_CpG_ptg000025l_13842132', 'methylation_CpG_ptg000024l_8612204', 'methylation_CpG_ptg000031l_10997035', 'methylation_CpG_ptg000012l_8046997', 'methylation_CpG_ptg000022l_5440529', 'methylation_CpG_ptg000029c_793112']"
FUN_031828,30,0.5973173235099758,0.9725283988735575,0.37521107536358167,True,0.01394755387010238,"['mirna_Cluster_5685', 'mirna_Cluster_1833', 'mirna_Cluster_17192', 'mirna_Cluster_9786', 'mirna_Cluster_4034', 'mirna_Cluster_9366', 'mirna_Cluster_14692', 'mirna_Cluster_1950', 'mirna_Cluster_17186', 'mirna_Cluster_17173', 'lncrna_lncRNA_44802', 'lncrna_lncRNA_28704', 'lncrna_lncRNA_42478', 'lncrna_lncRNA_2392', 'lncrna_lncRNA_2393', 'lncrna_lncRNA_33414', 'lncrna_lncRNA_25769', 'lncrna_lncRNA_25768', 'lncrna_lncRNA_1099', 'lncrna_lncRNA_42143', 'methylation_CpG_ptg000011l_8396367', 'methylation_CpG_ptg000020l_10589614', 'methylation_CpG_ptg000011l_8396354', 'methylation_CpG_ptg000015l_6211680', 'methylation_CpG_ptg000020l_10589616', 'methylation_CpG_ptg000011l_8396383', 'methylation_CpG_ptg000011l_8396378', 'methylation_CpG_ptg000023l_17397315', 'methylation_CpG_ntLink_6_13134800', 'methylation_CpG_ptg000027l_11256965']"
FUN_025761,30,0.22191977654407669,0.9723998281344222,0.7504800515903455,True,0.0010640905310883575,"['mirna_Cluster_14532', 'mirna_Cluster_17623', 'mirna_Cluster_16354', 'mirna_Cluster_5516', 'mirna_Cluster_2372', 'mirna_Cluster_14610', 'mirna_Cluster_1865', 'mirna_Cluster_17245', 'mirna_Cluster_4036', 'mirna_Cluster_9420', 'lncrna_lncRNA_2910', 'lncrna_lncRNA_33424', 'lncrna_lncRNA_30640', 'lncrna_lncRNA_3434', 'lncrna_lncRNA_36468', 'lncrna_lncRNA_32733', 'lncrna_lncRNA_7290', 'lncrna_lncRNA_3061', 'lncrna_lncRNA_53500', 'lncrna_lncRNA_37301', 'methylation_CpG_ptg000011l_8395973', 'methylation_CpG_ptg000008l_12977338', 'methylation_CpG_ptg000004l_4757512', 'methylation_CpG_ptg000008l_12977382', 'methylation_CpG_ptg000012l_8971785', 'methylation_CpG_ptg000009l_7035562', 'methylation_CpG_ptg000008l_12977341', 'methylation_CpG_ptg000025l_13842062', 'methylation_CpG_ptg000025l_13842128', 'methylation_CpG_ptg000033l_1262376']"
FUN_013061,20,0.8051359261802552,0.9309723394593045,0.12583641327904926,False,0.09988198838374351,"['lncrna_lncRNA_30407', 'lncrna_lncRNA_30987', 'lncrna_lncRNA_19144', 'lncrna_lncRNA_9154', 'lncrna_lncRNA_3624', 'lncrna_lncRNA_860', 'lncrna_lncRNA_49713', 'lncrna_lncRNA_3355', 'lncrna_lncRNA_46561', 'lncrna_lncRNA_8591', 'methylation_CpG_ptg000047l_4021456', 'methylation_CpG_ptg000023l_17397340', 'methylation_CpG_ptg000047l_4021443', 'methylation_CpG_ptg000004l_4757198', 'methylation_CpG_ptg000016l_5715710', 'methylation_CpG_ptg000011l_8393755', 'methylation_CpG_ptg000011l_8393629', 'methylation_CpG_ptg000007l_5089326', 'methylation_CpG_ptg000023l_17397326', 'methylation_CpG_ntLink_6_13134040']"
FUN_000216,30,0.1766501077294249,0.9911103781007826,0.8144602703713577,True,6.636501418966212e-06,"['mirna_Cluster_2372', 'mirna_Cluster_13647', 'mirna_Cluster_5517', 'mirna_Cluster_16354', 'mirna_Cluster_9420', 'mirna_Cluster_4754', 'mirna_Cluster_14532', 'mirna_Cluster_17245', 'mirna_Cluster_5516', 'mirna_Cluster_17623', 'lncrna_lncRNA_8682', 'lncrna_lncRNA_2970', 'lncrna_lncRNA_2910', 'lncrna_lncRNA_4104', 'lncrna_lncRNA_19591', 'lncrna_lncRNA_36995', 'lncrna_lncRNA_18420', 'lncrna_lncRNA_14835', 'lncrna_lncRNA_914', 'lncrna_lncRNA_19774', 'methylation_CpG_ptg000030l_2148141', 'methylation_CpG_ptg000009l_7035562', 'methylation_CpG_ptg000030l_2148033', 'methylation_CpG_ptg000022l_5440529', 'methylation_CpG_ptg000030l_2148069', 'methylation_CpG_ptg000018l_13662264', 'methylation_CpG_ptg000027l_13568421', 'methylation_CpG_ptg000009l_7035550', 'methylation_CpG_ptg000027l_13568474', 'methylation_CpG_ptg000012l_8047034']"
FUN_041172,24,0.23147248476637183,0.9636267145623767,0.7321542297960049,True,2.838646946723422e-06,"['mirna_Cluster_13647', 'mirna_Cluster_4036', 'mirna_Cluster_1951', 'mirna_Cluster_14165', 'lncrna_lncRNA_18344', 'lncrna_lncRNA_26793', 'lncrna_lncRNA_38682', 'lncrna_lncRNA_15138', 'lncrna_lncRNA_29517', 'lncrna_lncRNA_6432', 'lncrna_lncRNA_4516', 'lncrna_lncRNA_28164', 'lncrna_lncRNA_45115', 'lncrna_lncRNA_18343', 'methylation_CpG_ptg000023l_36913036', 'methylation_CpG_ntLink_6_13134703', 'methylation_CpG_ntLink_6_19705338', 'methylation_CpG_ptg000001l_3069526', 'methylation_CpG_ptg000031l_8422563', 'methylation_CpG_ptg000031l_8422842', 'methylation_CpG_ntLink_8_16166900', 'methylation_CpG_ptg000001l_3069507', 'methylation_CpG_ptg000001l_3069524', 'methylation_CpG_ntLink_6_13134032']"
FUN_003855,29,0.19421066294886236,0.9706383712241791,0.7764277082753167,True,0.00036944479834044586,"['mirna_Cluster_4754', 'mirna_Cluster_3227', 'mirna_Cluster_17245', 'mirna_Cluster_9706', 'mirna_Cluster_2500', 'mirna_Cluster_2372', 'mirna_Cluster_17623', 'mirna_Cluster_16354', 'mirna_Cluster_9512', 'lncrna_lncRNA_33465', 'lncrna_lncRNA_33466', 'lncrna_lncRNA_53739', 'lncrna_lncRNA_6649', 'lncrna_lncRNA_54143', 'lncrna_lncRNA_54144', 'lncrna_lncRNA_35143', 'lncrna_lncRNA_13321', 'lncrna_lncRNA_32784', 'lncrna_lncRNA_43020', 'methylation_CpG_ptg000030l_2148069', 'methylation_CpG_ptg000012l_8971785', 'methylation_CpG_ptg000018l_8065391', 'methylation_CpG_ptg000012l_8971736', 'methylation_CpG_ptg000020l_10589616', 'methylation_CpG_ptg000027l_11257122', 'methylation_CpG_ptg000020l_10589614', 'methylation_CpG_ptg000018l_8065358', 'methylation_CpG_ptg000008l_12977341', 'methylation_CpG_ptg000018l_13662264']"
SORCN_HUMAN_FUN_022540,22,0.07957627142410184,0.9113802931080991,0.8318040216839973,True,4.6306208927981984e-05,"['mirna_Cluster_16354', 'mirna_Cluster_14532', 'lncrna_lncRNA_8607', 'lncrna_lncRNA_27032', 'lncrna_lncRNA_29826', 'lncrna_lncRNA_26746', 'lncrna_lncRNA_51564', 'lncrna_lncRNA_51292', 'lncrna_lncRNA_51163', 'lncrna_lncRNA_33570', 'lncrna_lncRNA_091', 'lncrna_lncRNA_35185', 'methylation_CpG_ptg000030l_2148069', 'methylation_CpG_ntLink_8_23080768', 'methylation_CpG_ptg000011l_8392652', 'methylation_CpG_ptg000011l_8393629', 'methylation_CpG_ntLink_6_13135361', 'methylation_CpG_ntLink_6_13135371', 'methylation_CpG_ptg000016l_5715674', 'methylation_CpG_ptg000012l_8047014', 'methylation_CpG_ptg000031l_8422911', 'methylation_CpG_ptg000027l_11257081']"
FUN_023505,30,0.11268224396833992,0.8317393069166837,0.7190570629483438,False,0.3420470997395576,"['mirna_Cluster_3227', 'mirna_Cluster_17186', 'mirna_Cluster_1951', 'mirna_Cluster_1836', 'mirna_Cluster_9380', 'mirna_Cluster_9706', 'mirna_Cluster_9786', 'mirna_Cluster_4034', 'mirna_Cluster_9532', 'mirna_Cluster_2372', 'lncrna_lncRNA_37280', 'lncrna_lncRNA_6915', 'lncrna_lncRNA_51576', 'lncrna_lncRNA_38689', 'lncrna_lncRNA_34783', 'lncrna_lncRNA_34784', 'lncrna_lncRNA_38690', 'lncrna_lncRNA_38692', 'lncrna_lncRNA_38691', 'lncrna_lncRNA_35151', 'methylation_CpG_ptg000031l_8422617', 'methylation_CpG_ptg000015l_6211723', 'methylation_CpG_ptg000011l_8393678', 'methylation_CpG_ptg000023l_1199639', 'methylation_CpG_ptg000011l_8394054', 'methylation_CpG_ptg000004l_4757198', 'methylation_CpG_ptg000023l_3503253', 'methylation_CpG_ptg000023l_35051554', 'methylation_CpG_ptg000007l_6510300', 'methylation_CpG_ptg000016l_5715662']"
FUN_018219,30,0.2939107520514208,0.9070974204109045,0.6131866683594837,False,0.1295431030741021,"['mirna_Cluster_14532', 'mirna_Cluster_3301', 'mirna_Cluster_16354', 'mirna_Cluster_17245', 'mirna_Cluster_2372', 'mirna_Cluster_15097', 'mirna_Cluster_9420', 'mirna_Cluster_17623', 'mirna_Cluster_14610', 'mirna_Cluster_4036', 'lncrna_lncRNA_13816', 'lncrna_lncRNA_45074', 'lncrna_lncRNA_25520', 'lncrna_lncRNA_2811', 'lncrna_lncRNA_9350', 'lncrna_lncRNA_6551', 'lncrna_lncRNA_51344', 'lncrna_lncRNA_18420', 'lncrna_lncRNA_34925', 'lncrna_lncRNA_34924', 'methylation_CpG_ptg000004l_4756880', 'methylation_CpG_ptg000030l_2148033', 'methylation_CpG_ptg000011l_8391178', 'methylation_CpG_ptg000031l_8422870', 'methylation_CpG_ptg000030l_2148069', 'methylation_CpG_ptg000011l_8392776', 'methylation_CpG_ptg000004l_4759974', 'methylation_CpG_ptg000021l_1750826', 'methylation_CpG_ptg000060c_58340', 'methylation_CpG_ptg000031l_8422617']"
FUN_034083,30,0.24831346507689733,0.908530124584315,0.6602166595074177,False,0.10217764537439289,"['mirna_Cluster_16354', 'mirna_Cluster_15097', 'mirna_Cluster_3226', 'mirna_Cluster_14532', 'mirna_Cluster_2746', 'mirna_Cluster_10452', 'mirna_Cluster_1836', 'mirna_Cluster_3301', 'mirna_Cluster_5516', 'mirna_Cluster_4036', 'lncrna_lncRNA_3047', 'lncrna_lncRNA_17825', 'lncrna_lncRNA_6890', 'lncrna_lncRNA_29748', 'lncrna_lncRNA_12238', 'lncrna_lncRNA_286', 'lncrna_lncRNA_285', 'lncrna_lncRNA_19830', 'lncrna_lncRNA_19831', 'lncrna_lncRNA_19832', 'methylation_CpG_ptg000031l_8422911', 'methylation_CpG_ptg000007l_6510243', 'methylation_CpG_ntLink_6_13135361', 'methylation_CpG_ptg000001l_3069524', 'methylation_CpG_ptg000011l_967726', 'methylation_CpG_ptg000007l_6510240', 'methylation_CpG_ptg000011l_8395967', 'methylation_CpG_ptg000011l_8396017', 'methylation_CpG_ptg000001l_3069507', 'methylation_CpG_ptg000027l_11257026']"
NRX4_DROME_FUN_022574,30,0.19841127194056785,0.9734504273015114,0.7750391553609436,True,0.0008024401695779781,"['mirna_Cluster_11565', 'mirna_Cluster_5516', 'mirna_Cluster_14633', 'mirna_Cluster_1819', 'mirna_Cluster_5603', 'mirna_Cluster_17623', 'mirna_Cluster_1832', 'mirna_Cluster_14532', 'mirna_Cluster_1836', 'mirna_Cluster_2372', 'lncrna_lncRNA_2863', 'lncrna_lncRNA_2862', 'lncrna_lncRNA_10957', 'lncrna_lncRNA_18144', 'lncrna_lncRNA_18143', 'lncrna_lncRNA_26649', 'lncrna_lncRNA_26650', 'lncrna_lncRNA_8603', 'lncrna_lncRNA_44674', 'lncrna_lncRNA_23706', 'methylation_CpG_ptg000023l_29344852', 'methylation_CpG_ptg000009l_18122328', 'methylation_CpG_ptg000008l_25384626', 'methylation_CpG_ptg000011l_8396017', 'methylation_CpG_ptg000008l_25384624', 'methylation_CpG_ptg000011l_8395967', 'methylation_CpG_ptg000004l_4757204', 'methylation_CpG_ptg000016l_3294380', 'methylation_CpG_ptg000031l_8422617', 'methylation_CpG_ptg000011l_8393629']"
FUN_001641,20,0.900394260723388,0.9743123357198791,0.07391807499649106,True,0.01306389552261833,"['lncrna_lncRNA_43150', 'lncrna_lncRNA_17721', 'lncrna_lncRNA_10575', 'lncrna_lncRNA_54149', 'lncrna_lncRNA_30732', 'lncrna_lncRNA_43436', 'lncrna_lncRNA_37603', 'lncrna_lncRNA_51349', 'lncrna_lncRNA_43475', 'lncrna_lncRNA_30273', 'methylation_CpG_ptg000018l_8066422', 'methylation_CpG_ptg000012l_8046972', 'methylation_CpG_ptg000027l_11257173', 'methylation_CpG_ptg000016l_5715710', 'methylation_CpG_ptg000011l_967726', 'methylation_CpG_ptg000011l_967757', 'methylation_CpG_ptg000016l_5715686', 'methylation_CpG_ptg000007l_10145000', 'methylation_CpG_ptg000007l_10144998', 'methylation_CpG_ptg000004l_4756889']"
FUN_033429,28,0.17588743566487552,0.9717146614734333,0.7958272258085578,True,7.949622875480511e-05,"['mirna_Cluster_1865', 'mirna_Cluster_15097', 'mirna_Cluster_14532', 'mirna_Cluster_5685', 'mirna_Cluster_3109', 'mirna_Cluster_10452', 'mirna_Cluster_3226', 'mirna_Cluster_16354', 'lncrna_lncRNA_33845', 'lncrna_lncRNA_32721', 'lncrna_lncRNA_32720', 'lncrna_lncRNA_54177', 'lncrna_lncRNA_35888', 'lncrna_lncRNA_11010', 'lncrna_lncRNA_7641', 'lncrna_lncRNA_34902', 'lncrna_lncRNA_34071', 'lncrna_lncRNA_27605', 'methylation_CpG_ptg000001l_3069507', 'methylation_CpG_ptg000024l_8612204', 'methylation_CpG_ptg000011l_8396448', 'methylation_CpG_ptg000007l_10142552', 'methylation_CpG_ptg000004l_4756886', 'methylation_CpG_ptg000001l_3069524', 'methylation_CpG_ptg000031l_9119576', 'methylation_CpG_ptg000018l_14489745', 'methylation_CpG_ptg000016l_3294380', 'methylation_CpG_ptg000016l_3294397']"
FUN_008821,23,0.10380014867208787,0.8939906441815713,0.7901904955094834,True,0.0005567270877985253,"['mirna_Cluster_14633', 'mirna_Cluster_3227', 'mirna_Cluster_9706', 'lncrna_lncRNA_28830', 'lncrna_lncRNA_30664', 'lncrna_lncRNA_13675', 'lncrna_lncRNA_46556', 'lncrna_lncRNA_12215', 'lncrna_lncRNA_30763', 'lncrna_lncRNA_30764', 'lncrna_lncRNA_27953', 'lncrna_lncRNA_9810', 'lncrna_lncRNA_46099', 'methylation_CpG_ptg000015l_6211723', 'methylation_CpG_ntLink_8_16166900', 'methylation_CpG_ptg000007l_6510205', 'methylation_CpG_ptg000008l_25384624', 'methylation_CpG_ptg000025l_13839170', 'methylation_CpG_ptg000023l_17397288', 'methylation_CpG_ptg000025l_13842128', 'methylation_CpG_ptg000008l_12977341', 'methylation_CpG_ptg000007l_6510243', 'methylation_CpG_ptg000031l_13053277']"
FUN_029679,22,0.23085997150119375,0.8845544650320335,0.6536944935308397,True,0.0012149685960904932,"['mirna_Cluster_11565', 'mirna_Cluster_9532', 'lncrna_lncRNA_2534', 'lncrna_lncRNA_38426', 'lncrna_lncRNA_21554', 'lncrna_lncRNA_38427', 'lncrna_lncRNA_38425', 'lncrna_lncRNA_38428', 'lncrna_lncRNA_30532', 'lncrna_lncRNA_30654', 'lncrna_lncRNA_23588', 'lncrna_lncRNA_23587', 'methylation_CpG_ntLink_6_19705309', 'methylation_CpG_ptg000009l_18122328', 'methylation_CpG_ptg000004l_4757204', 'methylation_CpG_ptg000008l_25384624', 'methylation_CpG_ptg000031l_10997035', 'methylation_CpG_ptg000015l_6211631', 'methylation_CpG_ptg000031l_10997042', 'methylation_CpG_ptg000047l_3573704', 'methylation_CpG_ptg000016l_5715710', 'methylation_CpG_ptg000018l_13662333']"
NOT2_XENLA_FUN_023582,20,0.44461795184760466,0.7905562494860408,0.3459382976384361,False,0.14144242378951488,"['lncrna_lncRNA_27167', 'lncrna_lncRNA_6799', 'lncrna_lncRNA_6800', 'lncrna_lncRNA_6801', 'lncrna_lncRNA_7586', 'lncrna_lncRNA_26823', 'lncrna_lncRNA_51548', 'lncrna_lncRNA_14936', 'lncrna_lncRNA_38150', 'lncrna_lncRNA_36474', 'methylation_CpG_ntLink_6_19919676', 'methylation_CpG_ptg000027l_11257094', 'methylation_CpG_ptg000025l_14126701', 'methylation_CpG_ptg000011l_5627243', 'methylation_CpG_ptg000011l_8391132', 'methylation_CpG_ptg000011l_5627259', 'methylation_CpG_ntLink_6_13134032', 'methylation_CpG_ntLink_6_13134542', 'methylation_CpG_ptg000023l_36913014', 'methylation_CpG_ptg000024l_8612165']"
GL1D1_XENTR_FUN_014603,30,0.3457687171378907,0.9587790181899105,0.6130103010520198,True,0.01034681455230313,"['mirna_Cluster_16354', 'mirna_Cluster_14532', 'mirna_Cluster_2500', 'mirna_Cluster_5516', 'mirna_Cluster_3301', 'mirna_Cluster_10452', 'mirna_Cluster_1819', 'mirna_Cluster_13327', 'mirna_Cluster_17245', 'mirna_Cluster_1865', 'lncrna_lncRNA_2970', 'lncrna_lncRNA_3035', 'lncrna_lncRNA_27784', 'lncrna_lncRNA_46007', 'lncrna_lncRNA_18420', 'lncrna_lncRNA_34908', 'lncrna_lncRNA_46459', 'lncrna_lncRNA_51246', 'lncrna_lncRNA_48173', 'lncrna_lncRNA_4622', 'methylation_CpG_ptg000030l_2148033', 'methylation_CpG_ptg000030l_2148141', 'methylation_CpG_ptg000027l_11257209', 'methylation_CpG_ptg000031l_10997083', 'methylation_CpG_ptg000022l_5440529', 'methylation_CpG_ptg000027l_13568474', 'methylation_CpG_ptg000027l_13568498', 'methylation_CpG_ptg000027l_11257181', 'methylation_CpG_ptg000018l_13662264', 'methylation_CpG_ptg000030l_3155863']"
FUN_036012,20,0.5831033244817819,0.7602155906955195,0.17711226621373755,False,0.7422921839075936,"['lncrna_lncRNA_38243', 'lncrna_lncRNA_38244', 'lncrna_lncRNA_28481', 'lncrna_lncRNA_30722', 'lncrna_lncRNA_43397', 'lncrna_lncRNA_43398', 'lncrna_lncRNA_54345', 'lncrna_lncRNA_54347', 'lncrna_lncRNA_34840', 'lncrna_lncRNA_19065', 'methylation_CpG_ptg000029c_793095', 'methylation_CpG_ptg000027l_11257094', 'methylation_CpG_ptg000027l_11257081', 'methylation_CpG_ptg000004l_4757512', 'methylation_CpG_ptg000011l_8396017', 'methylation_CpG_ptg000020l_10589614', 'methylation_CpG_ptg000023l_17397288', 'methylation_CpG_ptg000020l_10589616', 'methylation_CpG_ptg000011l_8391178', 'methylation_CpG_ptg000027l_13568450']"
FUN_035314,20,0.4181760265406004,0.9075967135808125,0.48942068704021213,True,0.00032735106758619015,"['lncrna_lncRNA_4117', 'lncrna_lncRNA_25522', 'lncrna_lncRNA_30832', 'lncrna_lncRNA_1068', 'lncrna_lncRNA_9013', 'lncrna_lncRNA_223', 'lncrna_lncRNA_28640', 'lncrna_lncRNA_25521', 'lncrna_lncRNA_22168', 'lncrna_lncRNA_7526', 'methylation_CpG_ptg000016l_5715662', 'methylation_CpG_ptg000023l_36912999', 'methylation_CpG_ptg000031l_8422870', 'methylation_CpG_ntLink_6_13134796', 'methylation_CpG_ptg000016l_5715674', 'methylation_CpG_ntLink_6_13134790', 'methylation_CpG_ptg000018l_8066422', 'methylation_CpG_ntLink_6_13134803', 'methylation_CpG_ntLink_6_13134800', 'methylation_CpG_ptg000011l_8392776']"
FUN_004864,30,0.23023845445242208,0.9880609116745211,0.7578224572220991,True,3.2145136799388574e-05,"['mirna_Cluster_16354', 'mirna_Cluster_14532', 'mirna_Cluster_5516', 'mirna_Cluster_15097', 'mirna_Cluster_2746', 'mirna_Cluster_17245', 'mirna_Cluster_14605', 'mirna_Cluster_2372', 'mirna_Cluster_3301', 'mirna_Cluster_4036', 'lncrna_lncRNA_43172', 'lncrna_lncRNA_46408', 'lncrna_lncRNA_51612', 'lncrna_lncRNA_41633', 'lncrna_lncRNA_41632', 'lncrna_lncRNA_41629', 'lncrna_lncRNA_41630', 'lncrna_lncRNA_41631', 'lncrna_lncRNA_3217', 'lncrna_lncRNA_3218', 'methylation_CpG_ptg000023l_29344852', 'methylation_CpG_ptg000004l_4757204', 'methylation_CpG_ptg000047l_4021399', 'methylation_CpG_ptg000012l_8047034', 'methylation_CpG_ptg000009l_18122328', 'methylation_CpG_ptg000027l_11257209', 'methylation_CpG_ptg000023l_35051554', 'methylation_CpG_ptg000022l_5440529', 'methylation_CpG_ptg000011l_967757', 'methylation_CpG_ptg000012l_8047014']"
FUN_042074,20,0.6420009556674826,0.9494119619112964,0.3074110062438138,True,0.00012584633170042991,"['lncrna_lncRNA_44385', 'lncrna_lncRNA_39508', 'lncrna_lncRNA_36636', 'lncrna_lncRNA_46612', 'lncrna_lncRNA_46611', 'lncrna_lncRNA_46610', 'lncrna_lncRNA_46609', 'lncrna_lncRNA_46608', 'lncrna_lncRNA_42464', 'lncrna_lncRNA_46607', 'methylation_CpG_ptg000016l_3294380', 'methylation_CpG_ptg000007l_5089341', 'methylation_CpG_ptg000008l_25384624', 'methylation_CpG_ptg000024l_8612235', 'methylation_CpG_ptg000011l_8393753', 'methylation_CpG_ptg000023l_3503253', 'methylation_CpG_ptg000024l_8612204', 'methylation_CpG_ptg000011l_8392652', 'methylation_CpG_ptg000008l_25384626', 'methylation_CpG_ptg000024l_8612241']"
FUN_016529,28,0.23002139891178186,0.9641717033823756,0.7341503044705937,True,0.00037139934072349945,"['mirna_Cluster_3301', 'mirna_Cluster_15097', 'mirna_Cluster_4026', 'mirna_Cluster_14532', 'mirna_Cluster_14610', 'mirna_Cluster_3227', 'mirna_Cluster_1819', 'mirna_Cluster_14605', 'lncrna_lncRNA_29764', 'lncrna_lncRNA_44603', 'lncrna_lncRNA_14762', 'lncrna_lncRNA_110', 'lncrna_lncRNA_884', 'lncrna_lncRNA_2442', 'lncrna_lncRNA_44466', 'lncrna_lncRNA_44456', 'lncrna_lncRNA_44458', 'lncrna_lncRNA_44463', 'methylation_CpG_ptg000008l_25384624', 'methylation_CpG_ntLink_8_16166900', 'methylation_CpG_ntLink_6_13135361', 'methylation_CpG_ntLink_8_16166717', 'methylation_CpG_ptg000001l_3069457', 'methylation_CpG_ptg000025l_14126680', 'methylation_CpG_ptg000021l_6264620', 'methylation_CpG_ntLink_8_16166883', 'methylation_CpG_ptg000031l_8422911', 'methylation_CpG_ptg000030l_2148108']"
FUN_009809,21,0.08985526946565081,0.8474526124978257,0.7575973430321749,True,0.0011793081047558607,"['mirna_Cluster_15097', 'lncrna_lncRNA_088', 'lncrna_lncRNA_37613', 'lncrna_lncRNA_38364', 'lncrna_lncRNA_37612', 'lncrna_lncRNA_43463', 'lncrna_lncRNA_10513', 'lncrna_lncRNA_10514', 'lncrna_lncRNA_10515', 'lncrna_lncRNA_10516', 'lncrna_lncRNA_10517', 'methylation_CpG_ptg000016l_5715746', 'methylation_CpG_ptg000024l_8612165', 'methylation_CpG_ptg000016l_5715674', 'methylation_CpG_ptg000001l_3069457', 'methylation_CpG_ptg000027l_2551252', 'methylation_CpG_ntLink_6_13134040', 'methylation_CpG_ptg000011l_8393630', 'methylation_CpG_ptg000016l_5715722', 'methylation_CpG_ptg000025l_14126680', 'methylation_CpG_ptg000008l_25384586']"
Y8969_DICDI_FUN_043301,24,0.11432872943616934,0.8901727217053412,0.7758439922691719,True,0.00182324201211026,"['mirna_Cluster_16354', 'mirna_Cluster_5685', 'mirna_Cluster_2500', 'mirna_Cluster_3226', 'lncrna_lncRNA_32572', 'lncrna_lncRNA_46243', 'lncrna_lncRNA_46240', 'lncrna_lncRNA_46241', 'lncrna_lncRNA_46242', 'lncrna_lncRNA_33570', 'lncrna_lncRNA_13367', 'lncrna_lncRNA_46239', 'lncrna_lncRNA_37970', 'lncrna_lncRNA_27155', 'methylation_CpG_ptg000033l_1262372', 'methylation_CpG_ptg000031l_13053265', 'methylation_CpG_ptg000007l_6510243', 'methylation_CpG_ptg000031l_13053283', 'methylation_CpG_ptg000012l_8971701', 'methylation_CpG_ptg000009l_18122328', 'methylation_CpG_ptg000018l_13662264', 'methylation_CpG_ptg000012l_8971712', 'methylation_CpG_ptg000008l_12977382', 'methylation_CpG_ptg000007l_6510282']"
YCF39_CYAPA_FUN_011749,21,0.17203717646917305,0.9439434047531898,0.7719062282840168,True,8.266155108183071e-07,"['mirna_Cluster_4754', 'lncrna_lncRNA_3637', 'lncrna_lncRNA_8570', 'lncrna_lncRNA_25230', 'lncrna_lncRNA_3635', 'lncrna_lncRNA_3632', 'lncrna_lncRNA_3633', 'lncrna_lncRNA_3634', 'lncrna_lncRNA_35701', 'lncrna_lncRNA_35702', 'lncrna_lncRNA_25229', 'methylation_CpG_ptg000030l_2148033', 'methylation_CpG_ptg000030l_2148036', 'methylation_CpG_ptg000027l_2551252', 'methylation_CpG_ptg000012l_8047014', 'methylation_CpG_ptg000030l_2148069', 'methylation_CpG_ptg000030l_2148108', 'methylation_CpG_ptg000030l_2148141', 'methylation_CpG_ptg000012l_8047034', 'methylation_CpG_ptg000027l_13568421', 'methylation_CpG_ptg000025l_13842128']"
CAD96_DROME_FUN_026439,30,0.46893331755129597,0.9870753018944692,0.5181419843431733,True,0.000221227950191083,"['mirna_Cluster_3109', 'mirna_Cluster_1865', 'mirna_Cluster_1819', 'mirna_Cluster_17623', 'mirna_Cluster_5516', 'mirna_Cluster_2500', 'mirna_Cluster_14532', 'mirna_Cluster_14605', 'mirna_Cluster_5603', 'mirna_Cluster_3226', 'lncrna_lncRNA_10825', 'lncrna_lncRNA_10826', 'lncrna_lncRNA_10837', 'lncrna_lncRNA_45076', 'lncrna_lncRNA_10818', 'lncrna_lncRNA_30117', 'lncrna_lncRNA_54387', 'lncrna_lncRNA_54385', 'lncrna_lncRNA_54386', 'lncrna_lncRNA_54388', 'methylation_CpG_ptg000018l_14489745', 'methylation_CpG_ntLink_6_13134419', 'methylation_CpG_ptg000031l_13053283', 'methylation_CpG_ptg000024l_8612204', 'methylation_CpG_ptg000024l_8612211', 'methylation_CpG_ptg000024l_8612235', 'methylation_CpG_ptg000012l_8046972', 'methylation_CpG_ptg000011l_8396448', 'methylation_CpG_ptg000031l_13053277', 'methylation_CpG_ptg000025l_13842132']"
FUN_010928,26,0.14597905999001826,0.9195632838716318,0.7735842238816135,True,0.0020302311892197444,"['mirna_Cluster_13647', 'mirna_Cluster_12087', 'mirna_Cluster_12081', 'mirna_Cluster_9366', 'mirna_Cluster_4752', 'mirna_Cluster_11565', 'lncrna_lncRNA_10768', 'lncrna_lncRNA_15179', 'lncrna_lncRNA_38118', 'lncrna_lncRNA_3031', 'lncrna_lncRNA_22154', 'lncrna_lncRNA_36814', 'lncrna_lncRNA_30789', 'lncrna_lncRNA_48864', 'lncrna_lncRNA_15191', 'lncrna_lncRNA_36617', 'methylation_CpG_ptg000007l_9141334', 'methylation_CpG_ptg000007l_9141311', 'methylation_CpG_ptg000016l_5715734', 'methylation_CpG_ntLink_8_16166717', 'methylation_CpG_ptg000011l_967757', 'methylation_CpG_ntLink_8_16166741', 'methylation_CpG_ptg000016l_5715746', 'methylation_CpG_ptg000027l_11257081', 'methylation_CpG_ntLink_6_13134796', 'methylation_CpG_ptg000016l_5715722']"
P73_MOUSE_FUN_042654,30,0.2598491691633834,0.9861526895024957,0.7263035203391123,True,7.212520122634736e-05,"['mirna_Cluster_5517', 'mirna_Cluster_2372', 'mirna_Cluster_16354', 'mirna_Cluster_5516', 'mirna_Cluster_9420', 'mirna_Cluster_4754', 'mirna_Cluster_17623', 'mirna_Cluster_5603', 'mirna_Cluster_14532', 'mirna_Cluster_1865', 'lncrna_lncRNA_9353', 'lncrna_lncRNA_4104', 'lncrna_lncRNA_25520', 'lncrna_lncRNA_25957', 'lncrna_lncRNA_10578', 'lncrna_lncRNA_36949', 'lncrna_lncRNA_2970', 'lncrna_lncRNA_10577', 'lncrna_lncRNA_3220', 'lncrna_lncRNA_2910', 'methylation_CpG_ptg000027l_13568498', 'methylation_CpG_ptg000027l_13568474', 'methylation_CpG_ptg000022l_5440529', 'methylation_CpG_ptg000009l_7035562', 'methylation_CpG_ptg000012l_8047034', 'methylation_CpG_ptg000030l_2148033', 'methylation_CpG_ptg000027l_13568450', 'methylation_CpG_ptg000031l_8422563', 'methylation_CpG_ptg000021l_1750826', 'methylation_CpG_ptg000027l_13568421']"
S15A2_HUMAN_FUN_005059,23,0.13175243860722852,0.9185547042167802,0.7868022656095517,True,0.00011036279619636158,"['mirna_Cluster_11565', 'mirna_Cluster_16354', 'mirna_Cluster_14532', 'lncrna_lncRNA_19839', 'lncrna_lncRNA_8539', 'lncrna_lncRNA_8540', 'lncrna_lncRNA_8536', 'lncrna_lncRNA_8537', 'lncrna_lncRNA_8538', 'lncrna_lncRNA_8541', 'lncrna_lncRNA_21230', 'lncrna_lncRNA_578', 'lncrna_lncRNA_21221', 'methylation_CpG_ptg000011l_8396017', 'methylation_CpG_ptg000023l_17397326', 'methylation_CpG_ptg000011l_8395967', 'methylation_CpG_ptg000023l_29344852', 'methylation_CpG_ptg000009l_18122328', 'methylation_CpG_ptg000004l_4757204', 'methylation_CpG_ptg000011l_8391132', 'methylation_CpG_ptg000016l_5715674', 'methylation_CpG_ntLink_6_13134542', 'methylation_CpG_ptg000011l_8391178']"
FUN_036101,21,0.10562271227481779,0.926946691882093,0.8213239796072752,True,3.967020302919622e-06,"['mirna_Cluster_4754', 'lncrna_lncRNA_43735', 'lncrna_lncRNA_19620', 'lncrna_lncRNA_8570', 'lncrna_lncRNA_14571', 'lncrna_lncRNA_3632', 'lncrna_lncRNA_3633', 'lncrna_lncRNA_3634', 'lncrna_lncRNA_3635', 'lncrna_lncRNA_25230', 'lncrna_lncRNA_17847', 'methylation_CpG_ptg000016l_3294397', 'methylation_CpG_ptg000030l_2148036', 'methylation_CpG_ptg000012l_8047034', 'methylation_CpG_ptg000030l_2148033', 'methylation_CpG_ptg000008l_25384586', 'methylation_CpG_ptg000016l_3294411', 'methylation_CpG_ptg000016l_3294415', 'methylation_CpG_ptg000011l_8396440', 'methylation_CpG_ptg000027l_11256965', 'methylation_CpG_ptg000018l_14489745']"
LIPR2_CAVPO_FUN_007030,23,0.19698205676675795,0.9644799720909112,0.7674979153241532,True,4.297867592928384e-07,"['mirna_Cluster_11565', 'mirna_Cluster_5516', 'mirna_Cluster_1832', 'lncrna_lncRNA_7686', 'lncrna_lncRNA_4327', 'lncrna_lncRNA_7679', 'lncrna_lncRNA_4326', 'lncrna_lncRNA_7681', 'lncrna_lncRNA_7680', 'lncrna_lncRNA_10949', 'lncrna_lncRNA_28625', 'lncrna_lncRNA_1322', 'lncrna_lncRNA_1323', 'methylation_CpG_ptg000008l_25384626', 'methylation_CpG_ptg000011l_8395967', 'methylation_CpG_ptg000011l_8396017', 'methylation_CpG_ptg000009l_18122328', 'methylation_CpG_ptg000029c_793082', 'methylation_CpG_ptg000025l_14126680', 'methylation_CpG_ptg000008l_25384624', 'methylation_CpG_ptg000012l_8046997', 'methylation_CpG_ptg000029c_793112', 'methylation_CpG_ptg000018l_8065358']"
FUN_009796,23,0.14188924064404507,0.9630493833476673,0.8211601427036223,True,3.504148790023365e-07,"['mirna_Cluster_11565', 'mirna_Cluster_3227', 'mirna_Cluster_14165', 'lncrna_lncRNA_10928', 'lncrna_lncRNA_20499', 'lncrna_lncRNA_21584', 'lncrna_lncRNA_21585', 'lncrna_lncRNA_37045', 'lncrna_lncRNA_37046', 'lncrna_lncRNA_37049', 'lncrna_lncRNA_37050', 'lncrna_lncRNA_37061', 'lncrna_lncRNA_37052', 'methylation_CpG_ptg000008l_25384624', 'methylation_CpG_ptg000031l_8422617', 'methylation_CpG_ptg000008l_25384626', 'methylation_CpG_ptg000025l_13842128', 'methylation_CpG_ptg000023l_29344852', 'methylation_CpG_ptg000009l_18122328', 'methylation_CpG_ntLink_8_34790345', 'methylation_CpG_ptg000030l_3155880', 'methylation_CpG_ptg000011l_8395954', 'methylation_CpG_ptg000025l_13842110']"
PK1L2_MOUSE_FUN_008465,30,0.5174439656364529,0.9680136912432539,0.450569725606801,True,0.012525059630094426,"['mirna_Cluster_3301', 'mirna_Cluster_2500', 'mirna_Cluster_16354', 'mirna_Cluster_14532', 'mirna_Cluster_2746', 'mirna_Cluster_5516', 'mirna_Cluster_9532', 'mirna_Cluster_15097', 'mirna_Cluster_1819', 'mirna_Cluster_10452', 'lncrna_lncRNA_20479', 'lncrna_lncRNA_28322', 'lncrna_lncRNA_17951', 'lncrna_lncRNA_17950', 'lncrna_lncRNA_28321', 'lncrna_lncRNA_38650', 'lncrna_lncRNA_46343', 'lncrna_lncRNA_44403', 'lncrna_lncRNA_4115', 'lncrna_lncRNA_25360', 'methylation_CpG_ptg000031l_10997083', 'methylation_CpG_ptg000004l_4759974', 'methylation_CpG_ptg000027l_11257012', 'methylation_CpG_ptg000027l_13568498', 'methylation_CpG_ptg000022l_5440529', 'methylation_CpG_ptg000027l_13568474', 'methylation_CpG_ptg000031l_8422842', 'methylation_CpG_ptg000031l_8422874', 'methylation_CpG_ptg000027l_11257209', 'methylation_CpG_ptg000030l_2148033']"
FUN_002296,20,0.5525057443863866,0.87825737471824,0.3257516303318534,True,0.018898683777754055,"['lncrna_lncRNA_50286', 'lncrna_lncRNA_11932', 'lncrna_lncRNA_2166', 'lncrna_lncRNA_42464', 'lncrna_lncRNA_8711', 'lncrna_lncRNA_8710', 'lncrna_lncRNA_9214', 'lncrna_lncRNA_2573', 'lncrna_lncRNA_2574', 'lncrna_lncRNA_18041', 'methylation_CpG_ptg000023l_3503253', 'methylation_CpG_ptg000008l_25384624', 'methylation_CpG_ptg000047l_4021443', 'methylation_CpG_ptg000021l_6264633', 'methylation_CpG_ptg000027l_13568498', 'methylation_CpG_ptg000011l_8393755', 'methylation_CpG_ptg000008l_12977338', 'methylation_CpG_ptg000021l_6264620', 'methylation_CpG_ntLink_8_16166900', 'methylation_CpG_ptg000008l_12977341']"
CYLD_BOVIN_FUN_035095,23,0.18629001862107375,0.9506118501014587,0.7643218314803849,True,4.6369436276227916e-06,"['mirna_Cluster_13647', 'mirna_Cluster_11565', 'mirna_Cluster_13327', 'lncrna_lncRNA_54111', 'lncrna_lncRNA_41435', 'lncrna_lncRNA_41434', 'lncrna_lncRNA_32432', 'lncrna_lncRNA_43327', 'lncrna_lncRNA_20183', 'lncrna_lncRNA_3648', 'lncrna_lncRNA_21433', 'lncrna_lncRNA_21434', 'lncrna_lncRNA_43121', 'methylation_CpG_ptg000011l_967757', 'methylation_CpG_ptg000012l_8046972', 'methylation_CpG_ptg000011l_967726', 'methylation_CpG_ptg000021l_6264620', 'methylation_CpG_ptg000021l_6264712', 'methylation_CpG_ptg000021l_6264598', 'methylation_CpG_ptg000031l_8422563', 'methylation_CpG_ptg000011l_8393679', 'methylation_CpG_ntLink_8_34790312', 'methylation_CpG_ptg000012l_8047034']"
FUN_033015,23,0.0882732588049201,0.9451335224572758,0.8568602636523557,True,4.35148890109982e-06,"['mirna_Cluster_4752', 'mirna_Cluster_1836', 'mirna_Cluster_5603', 'lncrna_lncRNA_368', 'lncrna_lncRNA_088', 'lncrna_lncRNA_31067', 'lncrna_lncRNA_236', 'lncrna_lncRNA_287', 'lncrna_lncRNA_26769', 'lncrna_lncRNA_372', 'lncrna_lncRNA_1051', 'lncrna_lncRNA_25869', 'lncrna_lncRNA_38739', 'methylation_CpG_ptg000008l_25384626', 'methylation_CpG_ptg000027l_11257173', 'methylation_CpG_ptg000004l_4757204', 'methylation_CpG_ptg000027l_11257181', 'methylation_CpG_ptg000027l_11257209', 'methylation_CpG_ptg000008l_25384586', 'methylation_CpG_ptg000015l_6211631', 'methylation_CpG_ntLink_8_16166797', 'methylation_CpG_ptg000011l_8391275', 'methylation_CpG_ntLink_6_13134032']"
FUN_043402,28,0.16490769683002382,0.9670395173420335,0.8021318205120097,True,0.0001621580308606152,"['mirna_Cluster_17192', 'mirna_Cluster_17623', 'mirna_Cluster_4754', 'mirna_Cluster_9366', 'mirna_Cluster_4026', 'mirna_Cluster_3227', 'mirna_Cluster_4752', 'mirna_Cluster_9706', 'lncrna_lncRNA_52217', 'lncrna_lncRNA_46339', 'lncrna_lncRNA_38376', 'lncrna_lncRNA_2450', 'lncrna_lncRNA_25178', 'lncrna_lncRNA_22036', 'lncrna_lncRNA_27062', 'lncrna_lncRNA_35818', 'lncrna_lncRNA_35819', 'lncrna_lncRNA_9363', 'methylation_CpG_ptg000031l_10997035', 'methylation_CpG_ptg000030l_2148069', 'methylation_CpG_ptg000031l_10997042', 'methylation_CpG_ptg000012l_8971785', 'methylation_CpG_ptg000011l_8393332', 'methylation_CpG_ptg000031l_8422811', 'methylation_CpG_ptg000018l_8065358', 'methylation_CpG_ptg000012l_8971727', 'methylation_CpG_ptg000027l_2551252', 'methylation_CpG_ptg000012l_8971736']"
FUN_035438,21,0.14971062141091562,0.8816341164585751,0.7319234950476595,True,0.00028836906827034436,"['mirna_Cluster_11565', 'lncrna_lncRNA_48053', 'lncrna_lncRNA_21457', 'lncrna_lncRNA_7649', 'lncrna_lncRNA_46444', 'lncrna_lncRNA_7269', 'lncrna_lncRNA_35207', 'lncrna_lncRNA_35206', 'lncrna_lncRNA_35208', 'lncrna_lncRNA_39394', 'lncrna_lncRNA_19128', 'methylation_CpG_ptg000004l_4757512', 'methylation_CpG_ptg000011l_8393332', 'methylation_CpG_ptg000023l_1199651', 'methylation_CpG_ptg000011l_8395967', 'methylation_CpG_ptg000031l_8422617', 'methylation_CpG_ptg000011l_8391132', 'methylation_CpG_ptg000007l_9141311', 'methylation_CpG_ptg000011l_8396017', 'methylation_CpG_ptg000011l_8395954', 'methylation_CpG_ptg000004l_4757204']"
FUN_034777,28,0.17357830076676717,0.9515769295887411,0.7779986288219739,True,0.0011567689215465915,"['mirna_Cluster_3226', 'mirna_Cluster_4754', 'mirna_Cluster_1951', 'mirna_Cluster_2746', 'mirna_Cluster_15097', 'mirna_Cluster_1865', 'mirna_Cluster_4036', 'mirna_Cluster_14610', 'lncrna_lncRNA_10145', 'lncrna_lncRNA_54007', 'lncrna_lncRNA_54006', 'lncrna_lncRNA_54004', 'lncrna_lncRNA_54009', 'lncrna_lncRNA_35137', 'lncrna_lncRNA_54005', 'lncrna_lncRNA_41401', 'lncrna_lncRNA_32726', 'lncrna_lncRNA_14905', 'methylation_CpG_ptg000021l_1750826', 'methylation_CpG_ptg000027l_13568498', 'methylation_CpG_ptg000011l_8395973', 'methylation_CpG_ptg000031l_8422563', 'methylation_CpG_ntLink_6_19705338', 'methylation_CpG_ptg000027l_2551252', 'methylation_CpG_ptg000025l_13842062', 'methylation_CpG_ptg000016l_3294380', 'methylation_CpG_ptg000007l_6510226', 'methylation_CpG_ntLink_6_19705309']"
FUN_016215,22,0.20327055520742476,0.9558010770858232,0.7525305218783984,True,6.176609517183351e-07,"['mirna_Cluster_1951', 'mirna_Cluster_14633', 'lncrna_lncRNA_24978', 'lncrna_lncRNA_53503', 'lncrna_lncRNA_53059', 'lncrna_lncRNA_41532', 'lncrna_lncRNA_54420', 'lncrna_lncRNA_29492', 'lncrna_lncRNA_54005', 'lncrna_lncRNA_54004', 'lncrna_lncRNA_32726', 'lncrna_lncRNA_54421', 'methylation_CpG_ptg000023l_14647558', 'methylation_CpG_ntLink_6_19705338', 'methylation_CpG_ptg000011l_8393612', 'methylation_CpG_ptg000033l_1262376', 'methylation_CpG_ptg000023l_14647605', 'methylation_CpG_ptg000016l_3294380', 'methylation_CpG_ptg000011l_8396354', 'methylation_CpG_ptg000047l_3573704', 'methylation_CpG_ntLink_6_19705309', 'methylation_CpG_ptg000012l_8047014']"
FUN_027999,30,0.4099372006022072,0.9770882997249527,0.5671510991227455,True,0.0015393248237473012,"['mirna_Cluster_16354', 'mirna_Cluster_14532', 'mirna_Cluster_4036', 'mirna_Cluster_15097', 'mirna_Cluster_3301', 'mirna_Cluster_2746', 'mirna_Cluster_5516', 'mirna_Cluster_9420', 'mirna_Cluster_17245', 'mirna_Cluster_2372', 'lncrna_lncRNA_35024', 'lncrna_lncRNA_18392', 'lncrna_lncRNA_15381', 'lncrna_lncRNA_36666', 'lncrna_lncRNA_2970', 'lncrna_lncRNA_4159', 'lncrna_lncRNA_48173', 'lncrna_lncRNA_26927', 'lncrna_lncRNA_30241', 'lncrna_lncRNA_1108', 'methylation_CpG_ptg000030l_2148033', 'methylation_CpG_ptg000030l_2148108', 'methylation_CpG_ptg000030l_2148096', 'methylation_CpG_ptg000030l_2148036', 'methylation_CpG_ptg000018l_13662264', 'methylation_CpG_ptg000022l_5440529', 'methylation_CpG_ptg000023l_35051554', 'methylation_CpG_ptg000030l_2148141', 'methylation_CpG_ptg000001l_3069507', 'methylation_CpG_ptg000011l_8393613']"
FUN_033879,22,0.12483779403934592,0.828777791951291,0.7039399979119451,True,0.007387877503448492,"['mirna_Cluster_3109', 'mirna_Cluster_1865', 'lncrna_lncRNA_939', 'lncrna_lncRNA_10141', 'lncrna_lncRNA_38265', 'lncrna_lncRNA_38266', 'lncrna_lncRNA_38267', 'lncrna_lncRNA_38268', 'lncrna_lncRNA_38269', 'lncrna_lncRNA_38270', 'lncrna_lncRNA_38272', 'lncrna_lncRNA_10142', 'methylation_CpG_ptg000029c_793112', 'methylation_CpG_ptg000029c_793082', 'methylation_CpG_ntLink_8_16166797', 'methylation_CpG_ptg000012l_8046997', 'methylation_CpG_ptg000012l_8047014', 'methylation_CpG_ptg000018l_14489745', 'methylation_CpG_ptg000012l_8047034', 'methylation_CpG_ptg000015l_2160436', 'methylation_CpG_ptg000001l_3069507', 'methylation_CpG_ptg000016l_3294411']"
FUN_030147,24,0.1381433058840953,0.9534112928246823,0.815267986940587,True,7.209154215259694e-06,"['mirna_Cluster_4752', 'mirna_Cluster_5603', 'mirna_Cluster_3227', 'mirna_Cluster_5517', 'lncrna_lncRNA_7182', 'lncrna_lncRNA_18708', 'lncrna_lncRNA_47431', 'lncrna_lncRNA_4397', 'lncrna_lncRNA_21807', 'lncrna_lncRNA_30409', 'lncrna_lncRNA_36854', 'lncrna_lncRNA_40747', 'lncrna_lncRNA_13441', 'lncrna_lncRNA_13440', 'methylation_CpG_ptg000016l_3294411', 'methylation_CpG_ptg000011l_8393613', 'methylation_CpG_ptg000011l_8393630', 'methylation_CpG_ptg000012l_8971727', 'methylation_CpG_ptg000012l_8971712', 'methylation_CpG_ptg000031l_13053283', 'methylation_CpG_ptg000016l_3294415', 'methylation_CpG_ptg000012l_8971701', 'methylation_CpG_ntLink_6_13134419', 'methylation_CpG_ptg000016l_3294397']"
FUN_030516,25,0.20526083781291726,0.948109366879516,0.7428485290665987,True,8.456785835930791e-05,"['mirna_Cluster_5603', 'mirna_Cluster_1865', 'mirna_Cluster_13647', 'mirna_Cluster_4036', 'mirna_Cluster_14165', 'lncrna_lncRNA_40959', 'lncrna_lncRNA_36360', 'lncrna_lncRNA_40957', 'lncrna_lncRNA_4121', 'lncrna_lncRNA_27188', 'lncrna_lncRNA_29682', 'lncrna_lncRNA_23783', 'lncrna_lncRNA_20102', 'lncrna_lncRNA_9175', 'lncrna_lncRNA_26838', 'methylation_CpG_ptg000001l_3069507', 'methylation_CpG_ptg000011l_8392776', 'methylation_CpG_ptg000012l_8046997', 'methylation_CpG_ptg000031l_8422563', 'methylation_CpG_ptg000001l_3069526', 'methylation_CpG_ptg000001l_3069524', 'methylation_CpG_ptg000016l_3294415', 'methylation_CpG_ptg000030l_2148036', 'methylation_CpG_ptg000012l_8047014', 'methylation_CpG_ptg000025l_13842132']"
SBNO1_HUMAN_FUN_042270,30,0.19953042858263215,0.9470503472099655,0.7475199186273334,True,0.012428356861013734,"['mirna_Cluster_15097', 'mirna_Cluster_14532', 'mirna_Cluster_4036', 'mirna_Cluster_17245', 'mirna_Cluster_3301', 'mirna_Cluster_16354', 'mirna_Cluster_2372', 'mirna_Cluster_9420', 'mirna_Cluster_14610', 'mirna_Cluster_14605', 'lncrna_lncRNA_3935', 'lncrna_lncRNA_3936', 'lncrna_lncRNA_51178', 'lncrna_lncRNA_51179', 'lncrna_lncRNA_51180', 'lncrna_lncRNA_51181', 'lncrna_lncRNA_51182', 'lncrna_lncRNA_53845', 'lncrna_lncRNA_2797', 'lncrna_lncRNA_2798', 'methylation_CpG_ptg000030l_2148108', 'methylation_CpG_ptg000030l_2148036', 'methylation_CpG_ptg000030l_2148096', 'methylation_CpG_ptg000027l_11256965', 'methylation_CpG_ptg000030l_2148033', 'methylation_CpG_ptg000011l_8393613', 'methylation_CpG_ptg000027l_11257209', 'methylation_CpG_ptg000001l_3069507', 'methylation_CpG_ptg000011l_8393630', 'methylation_CpG_ptg000027l_11257181']"
FUN_005039,30,0.29295095092102985,0.9820026166945871,0.6890516657735573,True,0.00026737414875410703,"['mirna_Cluster_3301', 'mirna_Cluster_2500', 'mirna_Cluster_9532', 'mirna_Cluster_2746', 'mirna_Cluster_10452', 'mirna_Cluster_16354', 'mirna_Cluster_14532', 'mirna_Cluster_5516', 'mirna_Cluster_17173', 'mirna_Cluster_1819', 'lncrna_lncRNA_26011', 'lncrna_lncRNA_17950', 'lncrna_lncRNA_17951', 'lncrna_lncRNA_25360', 'lncrna_lncRNA_20479', 'lncrna_lncRNA_38305', 'lncrna_lncRNA_3751', 'lncrna_lncRNA_38650', 'lncrna_lncRNA_40035', 'lncrna_lncRNA_4115', 'methylation_CpG_ptg000027l_11257012', 'methylation_CpG_ptg000011l_8393679', 'methylation_CpG_ptg000027l_13568498', 'methylation_CpG_ptg000027l_13568474', 'methylation_CpG_ptg000022l_5440529', 'methylation_CpG_ptg000027l_2551179', 'methylation_CpG_ptg000031l_8422842', 'methylation_CpG_ptg000004l_4756880', 'methylation_CpG_ptg000031l_8422817', 'methylation_CpG_ptg000004l_4759974']"
FUN_008153,30,0.3383445637126139,0.9723851796418943,0.6340406159292804,True,0.002061665806416979,"['mirna_Cluster_5603', 'mirna_Cluster_1865', 'mirna_Cluster_5517', 'mirna_Cluster_13327', 'mirna_Cluster_1832', 'mirna_Cluster_2746', 'mirna_Cluster_15097', 'mirna_Cluster_14610', 'mirna_Cluster_4026', 'mirna_Cluster_13647', 'lncrna_lncRNA_40936', 'lncrna_lncRNA_14072', 'lncrna_lncRNA_13081', 'lncrna_lncRNA_1047', 'lncrna_lncRNA_27451', 'lncrna_lncRNA_41870', 'lncrna_lncRNA_19022', 'lncrna_lncRNA_45116', 'lncrna_lncRNA_44716', 'lncrna_lncRNA_5966', 'methylation_CpG_ptg000018l_14489745', 'methylation_CpG_ptg000016l_3294397', 'methylation_CpG_ptg000031l_13053283', 'methylation_CpG_ptg000016l_3294411', 'methylation_CpG_ptg000011l_8392977', 'methylation_CpG_ptg000025l_13842110', 'methylation_CpG_ptg000011l_8393022', 'methylation_CpG_ptg000025l_13842125', 'methylation_CpG_ptg000025l_13842132', 'methylation_CpG_ptg000012l_8046972']"
FUN_041219,30,0.31201220917317696,0.987348288525194,0.675336079352017,True,6.698644387148622e-05,"['mirna_Cluster_15097', 'mirna_Cluster_14532', 'mirna_Cluster_13647', 'mirna_Cluster_4036', 'mirna_Cluster_17245', 'mirna_Cluster_10452', 'mirna_Cluster_16354', 'mirna_Cluster_1865', 'mirna_Cluster_3226', 'mirna_Cluster_2746', 'lncrna_lncRNA_41616', 'lncrna_lncRNA_41618', 'lncrna_lncRNA_4188', 'lncrna_lncRNA_8724', 'lncrna_lncRNA_41617', 'lncrna_lncRNA_34987', 'lncrna_lncRNA_27820', 'lncrna_lncRNA_52682', 'lncrna_lncRNA_7612', 'lncrna_lncRNA_19778', 'methylation_CpG_ptg000001l_3069507', 'methylation_CpG_ptg000001l_3069524', 'methylation_CpG_ptg000011l_8393957', 'methylation_CpG_ptg000001l_3069526', 'methylation_CpG_ptg000031l_8422563', 'methylation_CpG_ptg000027l_11257181', 'methylation_CpG_ptg000027l_11257209', 'methylation_CpG_ptg000021l_6264712', 'methylation_CpG_ptg000025l_13842125', 'methylation_CpG_ptg000018l_13662264']"
FUN_040108,22,0.08099582094018942,0.9306895677836452,0.8496937468434558,True,7.027322686203874e-06,"['mirna_Cluster_10452', 'mirna_Cluster_1950', 'lncrna_lncRNA_29597', 'lncrna_lncRNA_6772', 'lncrna_lncRNA_35244', 'lncrna_lncRNA_29784', 'lncrna_lncRNA_29785', 'lncrna_lncRNA_3402', 'lncrna_lncRNA_30834', 'lncrna_lncRNA_20183', 'lncrna_lncRNA_25961', 'lncrna_lncRNA_25960', 'methylation_CpG_ptg000007l_10145000', 'methylation_CpG_ptg000011l_967757', 'methylation_CpG_ptg000018l_8066422', 'methylation_CpG_ptg000007l_10144998', 'methylation_CpG_ptg000022l_5440529', 'methylation_CpG_ptg000011l_967726', 'methylation_CpG_ptg000027l_11257026', 'methylation_CpG_ptg000027l_11257012', 'methylation_CpG_ptg000012l_8046973', 'methylation_CpG_ptg000027l_11256965']"
RHEB_HUMAN_FUN_022412,30,0.21816691102408758,0.9760315582766863,0.7578646472525987,True,0.0005824964906192553,"['mirna_Cluster_13647', 'mirna_Cluster_13327', 'mirna_Cluster_16354', 'mirna_Cluster_5516', 'mirna_Cluster_14532', 'mirna_Cluster_3301', 'mirna_Cluster_2372', 'mirna_Cluster_9420', 'mirna_Cluster_2746', 'mirna_Cluster_17245', 'lncrna_lncRNA_13659', 'lncrna_lncRNA_46554', 'lncrna_lncRNA_36995', 'lncrna_lncRNA_51246', 'lncrna_lncRNA_25502', 'lncrna_lncRNA_42929', 'lncrna_lncRNA_9353', 'lncrna_lncRNA_19775', 'lncrna_lncRNA_3092', 'lncrna_lncRNA_1108', 'methylation_CpG_ptg000030l_2148033', 'methylation_CpG_ptg000011l_967757', 'methylation_CpG_ptg000016l_5715722', 'methylation_CpG_ptg000004l_4756886', 'methylation_CpG_ptg000009l_7035562', 'methylation_CpG_ptg000022l_5440529', 'methylation_CpG_ntLink_6_13135348', 'methylation_CpG_ptg000016l_5715746', 'methylation_CpG_ptg000016l_5715734', 'methylation_CpG_ptg000009l_7035550']"
FUN_027551,20,0.5367976162819091,0.9570013719112469,0.42020375562933776,True,3.512710938680108e-06,"['lncrna_lncRNA_30407', 'lncrna_lncRNA_9154', 'lncrna_lncRNA_860', 'lncrna_lncRNA_3355', 'lncrna_lncRNA_25781', 'lncrna_lncRNA_25319', 'lncrna_lncRNA_25779', 'lncrna_lncRNA_25780', 'lncrna_lncRNA_43141', 'lncrna_lncRNA_54456', 'methylation_CpG_ptg000023l_17397340', 'methylation_CpG_ntLink_6_13134839', 'methylation_CpG_ntLink_6_13134800', 'methylation_CpG_ptg000004l_4757198', 'methylation_CpG_ptg000011l_5627254', 'methylation_CpG_ntLink_6_13134512', 'methylation_CpG_ntLink_6_13134032', 'methylation_CpG_ntLink_6_13134803', 'methylation_CpG_ptg000025l_14126701', 'methylation_CpG_ntLink_6_13134052']"
FUN_033748,25,0.1094409604392309,0.9655219087182213,0.8560809482789904,True,2.8428620034715024e-06,"['mirna_Cluster_2500', 'mirna_Cluster_3301', 'mirna_Cluster_16354', 'mirna_Cluster_4754', 'mirna_Cluster_17245', 'lncrna_lncRNA_4261', 'lncrna_lncRNA_4262', 'lncrna_lncRNA_46410', 'lncrna_lncRNA_45215', 'lncrna_lncRNA_46409', 'lncrna_lncRNA_46412', 'lncrna_lncRNA_30834', 'lncrna_lncRNA_46411', 'lncrna_lncRNA_37898', 'lncrna_lncRNA_12364', 'methylation_CpG_ptg000022l_5440529', 'methylation_CpG_ptg000009l_7035562', 'methylation_CpG_ptg000009l_7035550', 'methylation_CpG_ptg000030l_2148069', 'methylation_CpG_ptg000009l_7035570', 'methylation_CpG_ptg000009l_7035575', 'methylation_CpG_ptg000011l_967757', 'methylation_CpG_ptg000027l_2551179', 'methylation_CpG_ptg000031l_8422874', 'methylation_CpG_ntLink_6_13134796']"
FUN_028845,19,0.8017703377015644,0.9627822799651005,0.1610119422635361,True,0.0005384836758786093,"['lncrna_lncRNA_55663', 'lncrna_lncRNA_55677', 'lncrna_lncRNA_30787', 'lncrna_lncRNA_30786', 'lncrna_lncRNA_55660', 'lncrna_lncRNA_41379', 'lncrna_lncRNA_55701', 'lncrna_lncRNA_33588', 'lncrna_lncRNA_30784', 'lncrna_lncRNA_579', 'methylation_CpG_ptg000016l_5715662', 'methylation_CpG_ptg000021l_6264633', 'methylation_CpG_ptg000021l_6264620', 'methylation_CpG_ptg000011l_8391344', 'methylation_CpG_ptg000023l_17397315', 'methylation_CpG_ptg000009l_18122328', 'methylation_CpG_ptg000022l_5440529', 'methylation_CpG_ptg000047l_4021443', 'methylation_CpG_ptg000033l_1262376']"
5HT7R_HUMAN_FUN_018120,20,0.530351839962935,0.8690071150275802,0.3386552750646452,True,0.02237462171017357,"['lncrna_lncRNA_45347', 'lncrna_lncRNA_37011', 'lncrna_lncRNA_13500', 'lncrna_lncRNA_36474', 'lncrna_lncRNA_36973', 'lncrna_lncRNA_46514', 'lncrna_lncRNA_25468', 'lncrna_lncRNA_46317', 'lncrna_lncRNA_22344', 'lncrna_lncRNA_25236', 'methylation_CpG_ptg000025l_14126701', 'methylation_CpG_ptg000011l_5627236', 'methylation_CpG_ptg000011l_5627259', 'methylation_CpG_ptg000011l_5627254', 'methylation_CpG_ntLink_6_13134703', 'methylation_CpG_ntLink_6_19919852', 'methylation_CpG_ntLink_6_13134955', 'methylation_CpG_ntLink_6_19919676', 'methylation_CpG_ntLink_6_13134542', 'methylation_CpG_ntLink_8_16166900']"
SUREJ_STRPU_FUN_006893,27,0.14518772429311844,0.9783807424547862,0.8331930181616678,True,3.737400984027417e-06,"['mirna_Cluster_12087', 'mirna_Cluster_1951', 'mirna_Cluster_12083', 'mirna_Cluster_13327', 'mirna_Cluster_12081', 'mirna_Cluster_4036', 'mirna_Cluster_13647', 'lncrna_lncRNA_22156', 'lncrna_lncRNA_46532', 'lncrna_lncRNA_14798', 'lncrna_lncRNA_46550', 'lncrna_lncRNA_52604', 'lncrna_lncRNA_46551', 'lncrna_lncRNA_42474', 'lncrna_lncRNA_42475', 'lncrna_lncRNA_33337', 'lncrna_lncRNA_51053', 'methylation_CpG_ptg000009l_7035562', 'methylation_CpG_ptg000027l_11737161', 'methylation_CpG_ptg000015l_6211680', 'methylation_CpG_ptg000011l_967757', 'methylation_CpG_ptg000023l_14647558', 'methylation_CpG_ptg000023l_35051554', 'methylation_CpG_ptg000016l_5715734', 'methylation_CpG_ptg000016l_5715746', 'methylation_CpG_ptg000009l_7035550', 'methylation_CpG_ptg000011l_967726']"
DI3L1_PONAB_FUN_004714,30,0.1946367333098955,0.9427586077650273,0.7481218744551318,True,0.016236597815891596,"['mirna_Cluster_13327', 'mirna_Cluster_1865', 'mirna_Cluster_5517', 'mirna_Cluster_5603', 'mirna_Cluster_1832', 'mirna_Cluster_9532', 'mirna_Cluster_9366', 'mirna_Cluster_5516', 'mirna_Cluster_14146', 'mirna_Cluster_1950', 'lncrna_lncRNA_22457', 'lncrna_lncRNA_11999', 'lncrna_lncRNA_10579', 'lncrna_lncRNA_10577', 'lncrna_lncRNA_501', 'lncrna_lncRNA_13426', 'lncrna_lncRNA_18464', 'lncrna_lncRNA_14752', 'lncrna_lncRNA_8817', 'lncrna_lncRNA_26598', 'methylation_CpG_ptg000004l_4757204', 'methylation_CpG_ptg000022l_5440529', 'methylation_CpG_ptg000011l_8391178', 'methylation_CpG_ntLink_6_13135361', 'methylation_CpG_ntLink_8_34790345', 'methylation_CpG_ptg000027l_13568421', 'methylation_CpG_ptg000021l_6264633', 'methylation_CpG_ptg000011l_8393678', 'methylation_CpG_ptg000011l_8392776', 'methylation_CpG_ptg000018l_14489745']"
FUN_001914,20,0.7023003651846327,0.894050774358756,0.19175040917412334,False,0.10258113580627937,"['lncrna_lncRNA_40950', 'lncrna_lncRNA_45162', 'lncrna_lncRNA_28790', 'lncrna_lncRNA_4258', 'lncrna_lncRNA_28789', 'lncrna_lncRNA_4257', 'lncrna_lncRNA_14668', 'lncrna_lncRNA_14738', 'lncrna_lncRNA_4255', 'lncrna_lncRNA_4256', 'methylation_CpG_ptg000018l_8065391', 'methylation_CpG_ptg000018l_8065358', 'methylation_CpG_ptg000027l_11257163', 'methylation_CpG_ptg000015l_6211723', 'methylation_CpG_ptg000031l_8422811', 'methylation_CpG_ptg000030l_3155863', 'methylation_CpG_ptg000027l_11257081', 'methylation_CpG_ptg000004l_4757512', 'methylation_CpG_ptg000008l_25384626', 'methylation_CpG_ptg000023l_17397288']"
FUN_023058,28,0.18203073528089941,0.8929300402928789,0.7108993050119795,True,0.04291053985040838,"['mirna_Cluster_11565', 'mirna_Cluster_1833', 'mirna_Cluster_16354', 'mirna_Cluster_14532', 'mirna_Cluster_9706', 'mirna_Cluster_2746', 'mirna_Cluster_15097', 'mirna_Cluster_17192', 'lncrna_lncRNA_865', 'lncrna_lncRNA_38625', 'lncrna_lncRNA_18356', 'lncrna_lncRNA_8541', 'lncrna_lncRNA_8540', 'lncrna_lncRNA_8539', 'lncrna_lncRNA_26720', 'lncrna_lncRNA_26716', 'lncrna_lncRNA_26717', 'lncrna_lncRNA_26718', 'methylation_CpG_ntLink_8_23080768', 'methylation_CpG_ptg000004l_4757198', 'methylation_CpG_ptg000004l_4757204', 'methylation_CpG_ptg000011l_8393022', 'methylation_CpG_ptg000030l_2148069', 'methylation_CpG_ptg000023l_17397340', 'methylation_CpG_ptg000031l_8422870', 'methylation_CpG_ptg000020l_10589614', 'methylation_CpG_ptg000011l_8393332', 'methylation_CpG_ptg000031l_8422874']"
ACHN2_CARAU_FUN_006883,26,0.09838082280395588,0.9702526049185674,0.8718717821146115,True,4.20027955116975e-06,"['mirna_Cluster_12081', 'mirna_Cluster_12087', 'mirna_Cluster_1836', 'mirna_Cluster_17173', 'mirna_Cluster_9512', 'mirna_Cluster_4752', 'lncrna_lncRNA_6861', 'lncrna_lncRNA_6860', 'lncrna_lncRNA_6858', 'lncrna_lncRNA_7617', 'lncrna_lncRNA_6857', 'lncrna_lncRNA_29802', 'lncrna_lncRNA_6856', 'lncrna_lncRNA_28768', 'lncrna_lncRNA_29801', 'lncrna_lncRNA_51261', 'methylation_CpG_ptg000011l_8394054', 'methylation_CpG_ptg000030l_2148033', 'methylation_CpG_ptg000015l_6211723', 'methylation_CpG_ptg000011l_967757', 'methylation_CpG_ptg000011l_967726', 'methylation_CpG_ptg000009l_7035575', 'methylation_CpG_ptg000009l_7035570', 'methylation_CpG_ptg000011l_8393679', 'methylation_CpG_ntLink_8_34790315', 'methylation_CpG_ptg000009l_7035550']"
FUN_042860,22,0.17847969870554492,0.8552058811247674,0.6767261824192224,True,0.0036884363557229127,"['mirna_Cluster_3227', 'mirna_Cluster_13647', 'lncrna_lncRNA_35036', 'lncrna_lncRNA_36795', 'lncrna_lncRNA_38843', 'lncrna_lncRNA_15986', 'lncrna_lncRNA_35035', 'lncrna_lncRNA_3378', 'lncrna_lncRNA_3379', 'lncrna_lncRNA_3380', 'lncrna_lncRNA_23617', 'lncrna_lncRNA_35034', 'methylation_CpG_ptg000027l_11257122', 'methylation_CpG_ptg000008l_25384624', 'methylation_CpG_ptg000012l_8971736', 'methylation_CpG_ptg000012l_8971712', 'methylation_CpG_ptg000012l_8971701', 'methylation_CpG_ptg000008l_25384626', 'methylation_CpG_ptg000033l_1262372', 'methylation_CpG_ptg000025l_13842062', 'methylation_CpG_ptg000016l_5715662', 'methylation_CpG_ptg000027l_11257181']"
FUN_021304,22,0.20327055520742476,0.9558010770858232,0.7525305218783984,True,6.176609517183351e-07,"['mirna_Cluster_1951', 'mirna_Cluster_14633', 'lncrna_lncRNA_24978', 'lncrna_lncRNA_53503', 'lncrna_lncRNA_53059', 'lncrna_lncRNA_41532', 'lncrna_lncRNA_54420', 'lncrna_lncRNA_29492', 'lncrna_lncRNA_54005', 'lncrna_lncRNA_54004', 'lncrna_lncRNA_32726', 'lncrna_lncRNA_54421', 'methylation_CpG_ptg000023l_14647558', 'methylation_CpG_ntLink_6_19705338', 'methylation_CpG_ptg000011l_8393612', 'methylation_CpG_ptg000033l_1262376', 'methylation_CpG_ptg000023l_14647605', 'methylation_CpG_ptg000016l_3294380', 'methylation_CpG_ptg000011l_8396354', 'methylation_CpG_ptg000047l_3573704', 'methylation_CpG_ntLink_6_19705309', 'methylation_CpG_ptg000012l_8047014']"
FUN_029227,22,0.09211766945383337,0.8209412352741385,0.7288235658203052,True,0.007786452015105527,"['mirna_Cluster_3226', 'mirna_Cluster_14610', 'lncrna_lncRNA_21271', 'lncrna_lncRNA_28753', 'lncrna_lncRNA_10145', 'lncrna_lncRNA_41407', 'lncrna_lncRNA_10411', 'lncrna_lncRNA_54009', 'lncrna_lncRNA_25776', 'lncrna_lncRNA_51055', 'lncrna_lncRNA_19528', 'lncrna_lncRNA_4093', 'methylation_CpG_ntLink_6_19705338', 'methylation_CpG_ntLink_6_13134554', 'methylation_CpG_ntLink_6_19705309', 'methylation_CpG_ptg000011l_8394047', 'methylation_CpG_ptg000011l_8395973', 'methylation_CpG_ptg000011l_5627254', 'methylation_CpG_ptg000011l_5627259', 'methylation_CpG_ntLink_6_19920923', 'methylation_CpG_ptg000025l_14126701', 'methylation_CpG_ptg000011l_5627236']"
TDR12_HUMAN_FUN_036034,30,0.15037325916503408,0.9349809630185646,0.7846077038535305,True,0.021279537761969336,"['mirna_Cluster_1832', 'mirna_Cluster_13327', 'mirna_Cluster_13647', 'mirna_Cluster_1865', 'mirna_Cluster_16354', 'mirna_Cluster_5603', 'mirna_Cluster_4036', 'mirna_Cluster_14532', 'mirna_Cluster_1950', 'mirna_Cluster_5516', 'lncrna_lncRNA_38177', 'lncrna_lncRNA_43336', 'lncrna_lncRNA_46007', 'lncrna_lncRNA_32377', 'lncrna_lncRNA_948', 'lncrna_lncRNA_951', 'lncrna_lncRNA_949', 'lncrna_lncRNA_950', 'lncrna_lncRNA_4121', 'lncrna_lncRNA_28478', 'methylation_CpG_ptg000012l_8047034', 'methylation_CpG_ptg000012l_8047014', 'methylation_CpG_ptg000012l_8046997', 'methylation_CpG_ptg000029c_793082', 'methylation_CpG_ptg000029c_793112', 'methylation_CpG_ptg000015l_6211680', 'methylation_CpG_ptg000001l_3069507', 'methylation_CpG_ptg000023l_35051554', 'methylation_CpG_ptg000030l_2148036', 'methylation_CpG_ptg000031l_8422563']"
FUN_008318,23,0.09128400495488209,0.9115555429362675,0.8202715379813854,True,0.00014331519203591991,"['mirna_Cluster_9366', 'mirna_Cluster_15097', 'mirna_Cluster_5685', 'lncrna_lncRNA_37613', 'lncrna_lncRNA_37612', 'lncrna_lncRNA_53943', 'lncrna_lncRNA_7240', 'lncrna_lncRNA_25720', 'lncrna_lncRNA_19773', 'lncrna_lncRNA_18501', 'lncrna_lncRNA_37953', 'lncrna_lncRNA_37952', 'lncrna_lncRNA_37951', 'methylation_CpG_ptg000024l_8612165', 'methylation_CpG_ptg000025l_14126701', 'methylation_CpG_ntLink_6_13134512', 'methylation_CpG_ptg000024l_8612211', 'methylation_CpG_ptg000023l_17397315', 'methylation_CpG_ptg000011l_5627236', 'methylation_CpG_ntLink_6_19919852', 'methylation_CpG_ptg000011l_8391132', 'methylation_CpG_ntLink_6_13134542', 'methylation_CpG_ntLink_6_19919676']"
7TMK1_DICDI_FUN_035096,30,0.3091131055159557,0.9291092335272536,0.6199961280112979,False,0.05908884077954624,"['mirna_Cluster_1865', 'mirna_Cluster_14532', 'mirna_Cluster_14610', 'mirna_Cluster_3109', 'mirna_Cluster_9366', 'mirna_Cluster_15097', 'mirna_Cluster_17623', 'mirna_Cluster_1819', 'mirna_Cluster_5603', 'mirna_Cluster_14692', 'lncrna_lncRNA_54310', 'lncrna_lncRNA_37357', 'lncrna_lncRNA_35746', 'lncrna_lncRNA_37356', 'lncrna_lncRNA_22244', 'lncrna_lncRNA_51540', 'lncrna_lncRNA_33112', 'lncrna_lncRNA_37354', 'lncrna_lncRNA_33111', 'lncrna_lncRNA_43369', 'methylation_CpG_ptg000007l_9141311', 'methylation_CpG_ptg000007l_9141334', 'methylation_CpG_ptg000031l_8422617', 'methylation_CpG_ptg000018l_14489745', 'methylation_CpG_ptg000031l_10997042', 'methylation_CpG_ptg000011l_8391132', 'methylation_CpG_ptg000031l_10997035', 'methylation_CpG_ptg000008l_25384624', 'methylation_CpG_ptg000018l_13662333', 'methylation_CpG_ptg000027l_2551252']"
FUN_011833,23,0.08939125863927055,0.8678725128562922,0.7784812542170216,True,0.002189493196988357,"['mirna_Cluster_11565', 'mirna_Cluster_9706', 'mirna_Cluster_1833', 'lncrna_lncRNA_14596', 'lncrna_lncRNA_14597', 'lncrna_lncRNA_14598', 'lncrna_lncRNA_14601', 'lncrna_lncRNA_14599', 'lncrna_lncRNA_14600', 'lncrna_lncRNA_54732', 'lncrna_lncRNA_32381', 'lncrna_lncRNA_42700', 'lncrna_lncRNA_42701', 'methylation_CpG_ptg000030l_2148108', 'methylation_CpG_ptg000030l_2148141', 'methylation_CpG_ptg000030l_2148096', 'methylation_CpG_ptg000030l_2148069', 'methylation_CpG_ptg000030l_2148033', 'methylation_CpG_ntLink_8_34790312', 'methylation_CpG_ptg000047l_4021456', 'methylation_CpG_ptg000011l_8393613', 'methylation_CpG_ntLink_8_34790315', 'methylation_CpG_ptg000027l_11257181']"
FUN_021916,20,0.6410085719601796,0.8956078379886838,0.25459926602850425,True,0.029535141443677637,"['lncrna_lncRNA_50304', 'lncrna_lncRNA_42783', 'lncrna_lncRNA_43344', 'lncrna_lncRNA_50185', 'lncrna_lncRNA_50286', 'lncrna_lncRNA_18592', 'lncrna_lncRNA_50234', 'lncrna_lncRNA_50309', 'lncrna_lncRNA_48777', 'lncrna_lncRNA_2573', 'methylation_CpG_ptg000023l_3503253', 'methylation_CpG_ptg000023l_17397326', 'methylation_CpG_ptg000016l_3294397', 'methylation_CpG_ptg000047l_4021443', 'methylation_CpG_ptg000008l_25384624', 'methylation_CpG_ptg000016l_3294380', 'methylation_CpG_ptg000024l_8612204', 'methylation_CpG_ptg000018l_14489745', 'methylation_CpG_ptg000021l_6264633', 'methylation_CpG_ptg000007l_6510226']"
MINY4_MOUSE_FUN_009817,30,0.11052325515699268,0.9561174451672672,0.8455941900102745,True,0.004017404871684782,"['mirna_Cluster_5517', 'mirna_Cluster_2372', 'mirna_Cluster_17245', 'mirna_Cluster_14532', 'mirna_Cluster_3301', 'mirna_Cluster_9420', 'mirna_Cluster_14146', 'mirna_Cluster_16354', 'mirna_Cluster_5516', 'mirna_Cluster_17623', 'lncrna_lncRNA_15086', 'lncrna_lncRNA_8693', 'lncrna_lncRNA_25313', 'lncrna_lncRNA_25224', 'lncrna_lncRNA_11999', 'lncrna_lncRNA_15085', 'lncrna_lncRNA_15175', 'lncrna_lncRNA_25520', 'lncrna_lncRNA_8682', 'lncrna_lncRNA_8467', 'methylation_CpG_ptg000009l_7035562', 'methylation_CpG_ptg000022l_5440529', 'methylation_CpG_ptg000030l_2148069', 'methylation_CpG_ptg000009l_7035550', 'methylation_CpG_ptg000009l_7035575', 'methylation_CpG_ptg000030l_2148033', 'methylation_CpG_ptg000009l_7035570', 'methylation_CpG_ptg000004l_4756880', 'methylation_CpG_ptg000011l_967757', 'methylation_CpG_ntLink_6_13135348']"
FUN_034261,23,0.1565846208978201,0.8891441181063153,0.7325594972084952,True,0.0011369481308615148,"['mirna_Cluster_5685', 'mirna_Cluster_14165', 'mirna_Cluster_1833', 'lncrna_lncRNA_41138', 'lncrna_lncRNA_30559', 'lncrna_lncRNA_18360', 'lncrna_lncRNA_21985', 'lncrna_lncRNA_51587', 'lncrna_lncRNA_8554', 'lncrna_lncRNA_53518', 'lncrna_lncRNA_26604', 'lncrna_lncRNA_46433', 'lncrna_lncRNA_28443', 'methylation_CpG_ntLink_6_13134803', 'methylation_CpG_ntLink_6_13134800', 'methylation_CpG_ntLink_6_13134839', 'methylation_CpG_ntLink_6_13134796', 'methylation_CpG_ntLink_6_13134790', 'methylation_CpG_ntLink_6_13134512', 'methylation_CpG_ptg000033l_1262376', 'methylation_CpG_ptg000023l_17397315', 'methylation_CpG_ptg000011l_8393715', 'methylation_CpG_ntLink_6_13134542']"
FUN_033467,20,0.8152193937328454,0.9658129232453287,0.1505935295124834,True,0.001104132775076816,"['lncrna_lncRNA_49157', 'lncrna_lncRNA_53331', 'lncrna_lncRNA_52913', 'lncrna_lncRNA_51720', 'lncrna_lncRNA_29038', 'lncrna_lncRNA_27793', 'lncrna_lncRNA_27794', 'lncrna_lncRNA_27791', 'lncrna_lncRNA_27792', 'lncrna_lncRNA_31391', 'methylation_CpG_ptg000060c_58292', 'methylation_CpG_ptg000018l_13662270', 'methylation_CpG_ptg000008l_12977384', 'methylation_CpG_ptg000001l_3069507', 'methylation_CpG_ptg000016l_3294397', 'methylation_CpG_ptg000018l_13662264', 'methylation_CpG_ptg000011l_8391239', 'methylation_CpG_ptg000011l_8395973', 'methylation_CpG_ptg000025l_13842110', 'methylation_CpG_ptg000018l_13662272']"
FUN_031115,29,0.2184763298995852,0.9680882589773042,0.749611929077719,True,0.0006218655082674829,"['mirna_Cluster_16354', 'mirna_Cluster_2500', 'mirna_Cluster_4754', 'mirna_Cluster_17245', 'mirna_Cluster_1951', 'mirna_Cluster_9512', 'mirna_Cluster_15097', 'mirna_Cluster_9706', 'mirna_Cluster_3301', 'lncrna_lncRNA_21279', 'lncrna_lncRNA_26794', 'lncrna_lncRNA_2760', 'lncrna_lncRNA_2761', 'lncrna_lncRNA_2762', 'lncrna_lncRNA_2763', 'lncrna_lncRNA_2764', 'lncrna_lncRNA_2757', 'lncrna_lncRNA_2758', 'lncrna_lncRNA_2759', 'methylation_CpG_ptg000007l_10144971', 'methylation_CpG_ptg000016l_5715686', 'methylation_CpG_ntLink_8_16166741', 'methylation_CpG_ntLink_8_16166717', 'methylation_CpG_ptg000016l_5715746', 'methylation_CpG_ptg000012l_8046973', 'methylation_CpG_ptg000023l_1199639', 'methylation_CpG_ptg000016l_5715722', 'methylation_CpG_ptg000016l_5715710', 'methylation_CpG_ptg000016l_5715734']"
FUN_034369,20,0.8333385318886313,0.9859141969881157,0.1525756650994844,True,1.5438823063318452e-06,"['lncrna_lncRNA_53993', 'lncrna_lncRNA_53992', 'lncrna_lncRNA_34775', 'lncrna_lncRNA_26549', 'lncrna_lncRNA_26551', 'lncrna_lncRNA_54409', 'lncrna_lncRNA_4404', 'lncrna_lncRNA_36534', 'lncrna_lncRNA_12055', 'lncrna_lncRNA_25524', 'methylation_CpG_ptg000025l_14126680', 'methylation_CpG_ptg000029c_793095', 'methylation_CpG_ptg000029c_793082', 'methylation_CpG_ptg000031l_8422811', 'methylation_CpG_ptg000029c_793112', 'methylation_CpG_ptg000007l_6510205', 'methylation_CpG_ptg000018l_8065358', 'methylation_CpG_ptg000018l_8065391', 'methylation_CpG_ptg000018l_13662322', 'methylation_CpG_ptg000007l_10144971']"
RCAN3_MOUSE_FUN_012378,30,0.22979519502822143,0.9671877446973041,0.7373925496690826,True,0.0022393616972297137,"['mirna_Cluster_16354', 'mirna_Cluster_2500', 'mirna_Cluster_3301', 'mirna_Cluster_1951', 'mirna_Cluster_2372', 'mirna_Cluster_17245', 'mirna_Cluster_4036', 'mirna_Cluster_5516', 'mirna_Cluster_2746', 'mirna_Cluster_4754', 'lncrna_lncRNA_51246', 'lncrna_lncRNA_3220', 'lncrna_lncRNA_10198', 'lncrna_lncRNA_36995', 'lncrna_lncRNA_19775', 'lncrna_lncRNA_19774', 'lncrna_lncRNA_13659', 'lncrna_lncRNA_18420', 'lncrna_lncRNA_25971', 'lncrna_lncRNA_14031', 'methylation_CpG_ptg000009l_7035562', 'methylation_CpG_ptg000030l_2148033', 'methylation_CpG_ptg000004l_4756886', 'methylation_CpG_ptg000022l_5440529', 'methylation_CpG_ptg000030l_2148141', 'methylation_CpG_ptg000009l_7035550', 'methylation_CpG_ptg000030l_2148069', 'methylation_CpG_ptg000011l_967757', 'methylation_CpG_ptg000018l_13662264', 'methylation_CpG_ntLink_6_13134796']"
FUN_006064,30,0.2667966604557164,0.9418475351924326,0.6750508747367162,True,0.024213430964126537,"['mirna_Cluster_2500', 'mirna_Cluster_1865', 'mirna_Cluster_9532', 'mirna_Cluster_13327', 'mirna_Cluster_17623', 'mirna_Cluster_4754', 'mirna_Cluster_14610', 'mirna_Cluster_5516', 'mirna_Cluster_5517', 'mirna_Cluster_14532', 'lncrna_lncRNA_897', 'lncrna_lncRNA_120', 'lncrna_lncRNA_38108', 'lncrna_lncRNA_7368', 'lncrna_lncRNA_53732', 'lncrna_lncRNA_48158', 'lncrna_lncRNA_54428', 'lncrna_lncRNA_54337', 'lncrna_lncRNA_3367', 'lncrna_lncRNA_37301', 'methylation_CpG_ptg000027l_13568498', 'methylation_CpG_ptg000031l_10997083', 'methylation_CpG_ptg000018l_14489745', 'methylation_CpG_ptg000008l_12977384', 'methylation_CpG_ptg000027l_13568421', 'methylation_CpG_ptg000033l_1262372', 'methylation_CpG_ptg000004l_4757512', 'methylation_CpG_ptg000008l_12977382', 'methylation_CpG_ptg000027l_13568456', 'methylation_CpG_ptg000027l_13568474']"
FUN_024734,30,0.7696911945436875,0.993960793502888,0.2242695989592005,True,0.00030302957660521823,"['mirna_Cluster_3109', 'mirna_Cluster_1819', 'mirna_Cluster_17623', 'mirna_Cluster_2500', 'mirna_Cluster_14532', 'mirna_Cluster_1865', 'mirna_Cluster_14692', 'mirna_Cluster_5516', 'mirna_Cluster_14605', 'mirna_Cluster_10452', 'lncrna_lncRNA_340', 'lncrna_lncRNA_46604', 'lncrna_lncRNA_28168', 'lncrna_lncRNA_3048', 'lncrna_lncRNA_8639', 'lncrna_lncRNA_54176', 'lncrna_lncRNA_10837', 'lncrna_lncRNA_10825', 'lncrna_lncRNA_45932', 'lncrna_lncRNA_10826', 'methylation_CpG_ptg000011l_8396448', 'methylation_CpG_ptg000011l_8393753', 'methylation_CpG_ptg000011l_8393629', 'methylation_CpG_ptg000015l_2160436', 'methylation_CpG_ptg000011l_8391292', 'methylation_CpG_ptg000024l_8612235', 'methylation_CpG_ptg000011l_8393755', 'methylation_CpG_ptg000011l_8391288', 'methylation_CpG_ptg000023l_17397315', 'methylation_CpG_ptg000018l_14489745']"
FUN_018829,20,0.5781467784848326,0.8521266238602724,0.27397984537543973,False,0.09402850601632595,"['lncrna_lncRNA_23793', 'lncrna_lncRNA_23794', 'lncrna_lncRNA_7181', 'lncrna_lncRNA_929', 'lncrna_lncRNA_7180', 'lncrna_lncRNA_15160', 'lncrna_lncRNA_27013', 'lncrna_lncRNA_18189', 'lncrna_lncRNA_48654', 'lncrna_lncRNA_45327', 'methylation_CpG_ntLink_8_34790315', 'methylation_CpG_ntLink_8_34790312', 'methylation_CpG_ptg000011l_8394054', 'methylation_CpG_ntLink_8_34790345', 'methylation_CpG_ptg000015l_2160436', 'methylation_CpG_ptg000021l_6264712', 'methylation_CpG_ptg000011l_967726', 'methylation_CpG_ptg000012l_8046973', 'methylation_CpG_ptg000011l_967757', 'methylation_CpG_ptg000021l_6264598']"
FUN_031533,23,0.1778807206231774,0.9625283222584946,0.7846476016353172,True,5.395469284685817e-07,"['mirna_Cluster_13647', 'mirna_Cluster_14633', 'mirna_Cluster_17192', 'lncrna_lncRNA_54167', 'lncrna_lncRNA_54166', 'lncrna_lncRNA_43121', 'lncrna_lncRNA_53757', 'lncrna_lncRNA_54169', 'lncrna_lncRNA_54170', 'lncrna_lncRNA_43120', 'lncrna_lncRNA_54168', 'lncrna_lncRNA_32537', 'lncrna_lncRNA_32536', 'methylation_CpG_ptg000011l_967726', 'methylation_CpG_ptg000011l_967757', 'methylation_CpG_ptg000016l_5715746', 'methylation_CpG_ptg000016l_5715662', 'methylation_CpG_ptg000012l_8046972', 'methylation_CpG_ptg000016l_5715734', 'methylation_CpG_ptg000016l_5715698', 'methylation_CpG_ptg000027l_11257122', 'methylation_CpG_ptg000001l_3069507', 'methylation_CpG_ptg000016l_5715710']"
FUN_001574,20,0.6805978313532761,0.9128878846388184,0.2322900532855423,True,0.019223369075357266,"['lncrna_lncRNA_29174', 'lncrna_lncRNA_14646', 'lncrna_lncRNA_583', 'lncrna_lncRNA_5013', 'lncrna_lncRNA_23426', 'lncrna_lncRNA_32226', 'lncrna_lncRNA_40600', 'lncrna_lncRNA_25948', 'lncrna_lncRNA_25947', 'lncrna_lncRNA_12754', 'methylation_CpG_ptg000011l_8393715', 'methylation_CpG_ptg000060c_58292', 'methylation_CpG_ptg000007l_10142552', 'methylation_CpG_ptg000011l_8392977', 'methylation_CpG_ptg000001l_3069507', 'methylation_CpG_ntLink_6_19705309', 'methylation_CpG_ptg000027l_11257012', 'methylation_CpG_ptg000001l_3069526', 'methylation_CpG_ptg000007l_10144998', 'methylation_CpG_ptg000007l_10145000']"
FUN_003783,25,0.12139094124778582,0.9882428213417517,0.8668518800939659,True,2.148296429638208e-09,"['mirna_Cluster_12083', 'mirna_Cluster_5517', 'mirna_Cluster_12081', 'mirna_Cluster_12087', 'mirna_Cluster_2746', 'lncrna_lncRNA_17498', 'lncrna_lncRNA_12587', 'lncrna_lncRNA_44830', 'lncrna_lncRNA_44121', 'lncrna_lncRNA_55429', 'lncrna_lncRNA_37388', 'lncrna_lncRNA_5860', 'lncrna_lncRNA_27578', 'lncrna_lncRNA_8380', 'lncrna_lncRNA_33621', 'methylation_CpG_ptg000011l_8391239', 'methylation_CpG_ptg000011l_8393002', 'methylation_CpG_ptg000004l_4757198', 'methylation_CpG_ptg000011l_8393022', 'methylation_CpG_ptg000011l_8394047', 'methylation_CpG_ptg000016l_3294397', 'methylation_CpG_ptg000011l_8392977', 'methylation_CpG_ptg000031l_9119576', 'methylation_CpG_ptg000009l_7035575', 'methylation_CpG_ptg000009l_7035550']"
FUN_017660,21,0.27370747545958773,0.9721528060139113,0.6984453305543236,True,6.350215686623528e-09,"['mirna_Cluster_11565', 'lncrna_lncRNA_45976', 'lncrna_lncRNA_37094', 'lncrna_lncRNA_20138', 'lncrna_lncRNA_6811', 'lncrna_lncRNA_28514', 'lncrna_lncRNA_28513', 'lncrna_lncRNA_28516', 'lncrna_lncRNA_28511', 'lncrna_lncRNA_28509', 'lncrna_lncRNA_28508', 'methylation_CpG_ptg000023l_29344852', 'methylation_CpG_ptg000011l_8396017', 'methylation_CpG_ptg000009l_18122328', 'methylation_CpG_ptg000011l_8395954', 'methylation_CpG_ptg000008l_25384624', 'methylation_CpG_ptg000011l_8395967', 'methylation_CpG_ptg000031l_8422617', 'methylation_CpG_ptg000004l_4757204', 'methylation_CpG_ptg000008l_25384626', 'methylation_CpG_ptg000011l_8392776']"
MSHA_CELFN_FUN_026294,30,0.33839069017556955,0.9588412206481668,0.6204505304725972,True,0.009859676228601177,"['mirna_Cluster_2372', 'mirna_Cluster_14532', 'mirna_Cluster_5516', 'mirna_Cluster_17245', 'mirna_Cluster_16354', 'mirna_Cluster_14605', 'mirna_Cluster_17623', 'mirna_Cluster_15097', 'mirna_Cluster_13327', 'mirna_Cluster_1865', 'lncrna_lncRNA_4631', 'lncrna_lncRNA_26645', 'lncrna_lncRNA_949', 'lncrna_lncRNA_950', 'lncrna_lncRNA_948', 'lncrna_lncRNA_951', 'lncrna_lncRNA_8665', 'lncrna_lncRNA_14835', 'lncrna_lncRNA_4623', 'lncrna_lncRNA_2970', 'methylation_CpG_ptg000030l_2148141', 'methylation_CpG_ptg000025l_13842125', 'methylation_CpG_ptg000030l_2148033', 'methylation_CpG_ptg000027l_11257181', 'methylation_CpG_ptg000025l_13842132', 'methylation_CpG_ptg000022l_5440529', 'methylation_CpG_ptg000012l_8047034', 'methylation_CpG_ptg000011l_8395973', 'methylation_CpG_ptg000027l_13568474', 'methylation_CpG_ptg000030l_2148108']"
FUN_010044,28,0.24002642752039105,0.9836091726512202,0.7435827451308291,True,7.082386875412183e-06,"['mirna_Cluster_13327', 'mirna_Cluster_1865', 'mirna_Cluster_5603', 'mirna_Cluster_5517', 'mirna_Cluster_13647', 'mirna_Cluster_1832', 'mirna_Cluster_4026', 'mirna_Cluster_9532', 'lncrna_lncRNA_16047', 'lncrna_lncRNA_1047', 'lncrna_lncRNA_34748', 'lncrna_lncRNA_36842', 'lncrna_lncRNA_14038', 'lncrna_lncRNA_40936', 'lncrna_lncRNA_45065', 'lncrna_lncRNA_14748', 'lncrna_lncRNA_14749', 'lncrna_lncRNA_53732', 'methylation_CpG_ptg000018l_14489745', 'methylation_CpG_ptg000016l_3294397', 'methylation_CpG_ptg000011l_8392977', 'methylation_CpG_ptg000011l_8393022', 'methylation_CpG_ptg000016l_3294411', 'methylation_CpG_ptg000012l_8046972', 'methylation_CpG_ptg000016l_3294415', 'methylation_CpG_ntLink_6_13134419', 'methylation_CpG_ptg000031l_13053283', 'methylation_CpG_ptg000023l_17397326']"
YDJC_MOUSE_FUN_014562,30,0.2088505197975038,0.9485549756393928,0.739704455841889,True,0.011654617758026231,"['mirna_Cluster_14532', 'mirna_Cluster_16354', 'mirna_Cluster_15097', 'mirna_Cluster_2372', 'mirna_Cluster_14610', 'mirna_Cluster_9420', 'mirna_Cluster_3301', 'mirna_Cluster_14605', 'mirna_Cluster_5516', 'mirna_Cluster_4754', 'lncrna_lncRNA_4113', 'lncrna_lncRNA_4114', 'lncrna_lncRNA_18511', 'lncrna_lncRNA_9140', 'lncrna_lncRNA_25737', 'lncrna_lncRNA_8601', 'lncrna_lncRNA_15084', 'lncrna_lncRNA_26992', 'lncrna_lncRNA_37405', 'lncrna_lncRNA_21873', 'methylation_CpG_ptg000012l_8047034', 'methylation_CpG_ptg000012l_8047014', 'methylation_CpG_ptg000018l_13662264', 'methylation_CpG_ptg000025l_13842062', 'methylation_CpG_ptg000023l_35051554', 'methylation_CpG_ptg000027l_13568474', 'methylation_CpG_ptg000030l_2148036', 'methylation_CpG_ptg000030l_2148108', 'methylation_CpG_ptg000030l_2148033', 'methylation_CpG_ptg000027l_13568450']"
FUN_026844,25,0.20158726951687755,0.8483192523150143,0.6467319827981367,True,0.03997545497181432,"['mirna_Cluster_3109', 'mirna_Cluster_1865', 'mirna_Cluster_13327', 'mirna_Cluster_17623', 'mirna_Cluster_1819', 'lncrna_lncRNA_30879', 'lncrna_lncRNA_10812', 'lncrna_lncRNA_6907', 'lncrna_lncRNA_3572', 'lncrna_lncRNA_30117', 'lncrna_lncRNA_52224', 'lncrna_lncRNA_19984', 'lncrna_lncRNA_363', 'lncrna_lncRNA_13822', 'lncrna_lncRNA_362', 'methylation_CpG_ptg000012l_8046972', 'methylation_CpG_ptg000018l_14489745', 'methylation_CpG_ptg000012l_8047034', 'methylation_CpG_ptg000011l_8391292', 'methylation_CpG_ptg000011l_8396448', 'methylation_CpG_ptg000031l_13053277', 'methylation_CpG_ptg000011l_8391288', 'methylation_CpG_ptg000012l_8046997', 'methylation_CpG_ptg000031l_13053283', 'methylation_CpG_ptg000018l_8066422']"
HMCN1_HUMAN_FUN_028324,25,0.1054657807180771,0.9635828145164242,0.8581170337983471,True,3.9624922933967355e-06,"['mirna_Cluster_12081', 'mirna_Cluster_16354', 'mirna_Cluster_4036', 'mirna_Cluster_12087', 'mirna_Cluster_12083', 'lncrna_lncRNA_33438', 'lncrna_lncRNA_10154', 'lncrna_lncRNA_7167', 'lncrna_lncRNA_45310', 'lncrna_lncRNA_7166', 'lncrna_lncRNA_36642', 'lncrna_lncRNA_14812', 'lncrna_lncRNA_51655', 'lncrna_lncRNA_45969', 'lncrna_lncRNA_35815', 'methylation_CpG_ntLink_6_13134419', 'methylation_CpG_ptg000027l_11257209', 'methylation_CpG_ptg000030l_2148036', 'methylation_CpG_ptg000031l_10997035', 'methylation_CpG_ptg000031l_8422563', 'methylation_CpG_ptg000023l_1199639', 'methylation_CpG_ptg000015l_6211723', 'methylation_CpG_ptg000030l_2148033', 'methylation_CpG_ntLink_8_16166893', 'methylation_CpG_ptg000011l_967726']"
FUN_017298,21,0.08114852620645419,0.8719616898358253,0.7908131636293712,True,0.00029060912864142807,"['mirna_Cluster_1832', 'lncrna_lncRNA_48762', 'lncrna_lncRNA_43383', 'lncrna_lncRNA_28308', 'lncrna_lncRNA_46364', 'lncrna_lncRNA_46368', 'lncrna_lncRNA_45942', 'lncrna_lncRNA_7440', 'lncrna_lncRNA_7441', 'lncrna_lncRNA_48164', 'lncrna_lncRNA_28863', 'methylation_CpG_ptg000007l_5089341', 'methylation_CpG_ptg000004l_4757512', 'methylation_CpG_ptg000031l_9119576', 'methylation_CpG_ptg000018l_8065358', 'methylation_CpG_ptg000011l_8393332', 'methylation_CpG_ptg000018l_8065391', 'methylation_CpG_ptg000031l_8422817', 'methylation_CpG_ntLink_8_16166797', 'methylation_CpG_ptg000008l_25384626', 'methylation_CpG_ptg000007l_9141334']"
KPB2_HUMAN_FUN_007161,23,0.10132902015838907,0.8909006892831798,0.7895716691247907,True,0.0006647596974478365,"['mirna_Cluster_5685', 'mirna_Cluster_1951', 'mirna_Cluster_9366', 'lncrna_lncRNA_30935', 'lncrna_lncRNA_26746', 'lncrna_lncRNA_35291', 'lncrna_lncRNA_27032', 'lncrna_lncRNA_48356', 'lncrna_lncRNA_36230', 'lncrna_lncRNA_25403', 'lncrna_lncRNA_22457', 'lncrna_lncRNA_13754', 'lncrna_lncRNA_14750', 'methylation_CpG_ptg000011l_8391178', 'methylation_CpG_ptg000011l_8396354', 'methylation_CpG_ptg000011l_8391132', 'methylation_CpG_ptg000027l_2551260', 'methylation_CpG_ptg000023l_17397315', 'methylation_CpG_ptg000012l_8047014', 'methylation_CpG_ptg000011l_8393678', 'methylation_CpG_ptg000047l_4021399', 'methylation_CpG_ptg000023l_14647558', 'methylation_CpG_ntLink_8_23080768']"
FUN_038928,30,0.4920776487027474,0.9981215459059705,0.5060438972032231,True,5.784626988525332e-08,"['mirna_Cluster_3109', 'mirna_Cluster_1865', 'mirna_Cluster_17623', 'mirna_Cluster_1819', 'mirna_Cluster_2500', 'mirna_Cluster_5516', 'mirna_Cluster_14532', 'mirna_Cluster_14605', 'mirna_Cluster_10452', 'mirna_Cluster_14692', 'lncrna_lncRNA_10825', 'lncrna_lncRNA_10826', 'lncrna_lncRNA_30753', 'lncrna_lncRNA_10837', 'lncrna_lncRNA_10818', 'lncrna_lncRNA_30079', 'lncrna_lncRNA_30117', 'lncrna_lncRNA_52110', 'lncrna_lncRNA_54388', 'lncrna_lncRNA_27873', 'methylation_CpG_ptg000018l_14489745', 'methylation_CpG_ptg000011l_8396448', 'methylation_CpG_ptg000012l_8046972', 'methylation_CpG_ptg000024l_8612235', 'methylation_CpG_ntLink_6_13134419', 'methylation_CpG_ptg000024l_8612204', 'methylation_CpG_ptg000011l_8394044', 'methylation_CpG_ptg000012l_8047034', 'methylation_CpG_ptg000016l_3294411', 'methylation_CpG_ptg000016l_3294397']"
FUN_015797,22,0.09506942717794065,0.9603964925710605,0.8653270653931199,True,9.129049316491944e-08,"['mirna_Cluster_14165', 'mirna_Cluster_4026', 'lncrna_lncRNA_43515', 'lncrna_lncRNA_43514', 'lncrna_lncRNA_48723', 'lncrna_lncRNA_14646', 'lncrna_lncRNA_25185', 'lncrna_lncRNA_4187', 'lncrna_lncRNA_32658', 'lncrna_lncRNA_22353', 'lncrna_lncRNA_44852', 'lncrna_lncRNA_44853', 'methylation_CpG_ntLink_6_19705309', 'methylation_CpG_ptg000060c_58292', 'methylation_CpG_ntLink_6_19705338', 'methylation_CpG_ntLink_6_13134955', 'methylation_CpG_ptg000007l_10142552', 'methylation_CpG_ptg000011l_8391132', 'methylation_CpG_ntLink_6_13134703', 'methylation_CpG_ntLink_6_13134032', 'methylation_CpG_ptg000031l_8422870', 'methylation_CpG_ptg000004l_4756880']"
ELOV4_MACFA_FUN_034387,30,0.3156582027279533,0.9638420645497874,0.6481838618218341,True,0.00525724018333551,"['mirna_Cluster_16354', 'mirna_Cluster_2500', 'mirna_Cluster_14532', 'mirna_Cluster_5516', 'mirna_Cluster_3301', 'mirna_Cluster_17245', 'mirna_Cluster_13647', 'mirna_Cluster_15097', 'mirna_Cluster_2372', 'mirna_Cluster_1865', 'lncrna_lncRNA_17967', 'lncrna_lncRNA_18420', 'lncrna_lncRNA_51246', 'lncrna_lncRNA_3035', 'lncrna_lncRNA_25952', 'lncrna_lncRNA_10198', 'lncrna_lncRNA_1108', 'lncrna_lncRNA_2970', 'lncrna_lncRNA_4104', 'lncrna_lncRNA_3220', 'methylation_CpG_ptg000030l_2148033', 'methylation_CpG_ptg000030l_2148141', 'methylation_CpG_ptg000022l_5440529', 'methylation_CpG_ptg000027l_11257209', 'methylation_CpG_ptg000031l_8422617', 'methylation_CpG_ptg000018l_13662264', 'methylation_CpG_ptg000031l_10997083', 'methylation_CpG_ptg000031l_8422563', 'methylation_CpG_ptg000007l_5089303', 'methylation_CpG_ptg000027l_11257129']"
CRP_CAVPO_FUN_032339,21,0.13604954256812785,0.8678993678764353,0.7318498253083074,True,0.0005917306561846747,"['mirna_Cluster_3301', 'lncrna_lncRNA_53781', 'lncrna_lncRNA_23802', 'lncrna_lncRNA_23803', 'lncrna_lncRNA_23039', 'lncrna_lncRNA_15269', 'lncrna_lncRNA_15270', 'lncrna_lncRNA_15268', 'lncrna_lncRNA_36730', 'lncrna_lncRNA_45393', 'lncrna_lncRNA_23804', 'methylation_CpG_ptg000031l_13053265', 'methylation_CpG_ptg000031l_13053283', 'methylation_CpG_ptg000031l_13053277', 'methylation_CpG_ptg000008l_25384626', 'methylation_CpG_ptg000011l_8393613', 'methylation_CpG_ptg000027l_11257209', 'methylation_CpG_ptg000033l_1262372', 'methylation_CpG_ptg000008l_25384624', 'methylation_CpG_ntLink_8_16166797', 'methylation_CpG_ptg000008l_12977384']"
FUN_012935,30,0.13833625073384903,0.9780701689051813,0.8397339181713322,True,0.00026721235318072356,"['mirna_Cluster_2746', 'mirna_Cluster_14165', 'mirna_Cluster_4036', 'mirna_Cluster_16354', 'mirna_Cluster_13647', 'mirna_Cluster_5603', 'mirna_Cluster_3226', 'mirna_Cluster_14532', 'mirna_Cluster_1832', 'mirna_Cluster_1865', 'lncrna_lncRNA_3999', 'lncrna_lncRNA_4141', 'lncrna_lncRNA_4142', 'lncrna_lncRNA_26793', 'lncrna_lncRNA_934', 'lncrna_lncRNA_2622', 'lncrna_lncRNA_2950', 'lncrna_lncRNA_2948', 'lncrna_lncRNA_43263', 'lncrna_lncRNA_6432', 'methylation_CpG_ptg000001l_3069507', 'methylation_CpG_ptg000001l_3069526', 'methylation_CpG_ptg000001l_3069524', 'methylation_CpG_ptg000016l_3294415', 'methylation_CpG_ptg000025l_13842110', 'methylation_CpG_ptg000007l_6510205', 'methylation_CpG_ptg000025l_13842132', 'methylation_CpG_ntLink_8_16166900', 'methylation_CpG_ptg000031l_13053283', 'methylation_CpG_ptg000031l_8422563']"
SPP_MOUSE_FUN_015366,30,0.16128601901628237,0.9898974025225937,0.8286113835063114,True,1.0709277976195253e-05,"['mirna_Cluster_16354', 'mirna_Cluster_3301', 'mirna_Cluster_14532', 'mirna_Cluster_17245', 'mirna_Cluster_2372', 'mirna_Cluster_15097', 'mirna_Cluster_4036', 'mirna_Cluster_5516', 'mirna_Cluster_13327', 'mirna_Cluster_13647', 'lncrna_lncRNA_19791', 'lncrna_lncRNA_26927', 'lncrna_lncRNA_8693', 'lncrna_lncRNA_2970', 'lncrna_lncRNA_1129', 'lncrna_lncRNA_36642', 'lncrna_lncRNA_51489', 'lncrna_lncRNA_41433', 'lncrna_lncRNA_25578', 'lncrna_lncRNA_41434', 'methylation_CpG_ptg000030l_2148033', 'methylation_CpG_ptg000011l_967757', 'methylation_CpG_ptg000027l_11257209', 'methylation_CpG_ptg000030l_2148108', 'methylation_CpG_ptg000030l_2148036', 'methylation_CpG_ptg000027l_11257181', 'methylation_CpG_ptg000009l_7035562', 'methylation_CpG_ptg000022l_5440529', 'methylation_CpG_ptg000030l_2148141', 'methylation_CpG_ptg000009l_7035575']"
FUN_026836,30,0.23360418406842365,0.963223530062251,0.7296193459938274,True,0.0036005823896051448,"['mirna_Cluster_13327', 'mirna_Cluster_1950', 'mirna_Cluster_9786', 'mirna_Cluster_5685', 'mirna_Cluster_4026', 'mirna_Cluster_1832', 'mirna_Cluster_9420', 'mirna_Cluster_17192', 'mirna_Cluster_9380', 'mirna_Cluster_5603', 'lncrna_lncRNA_21188', 'lncrna_lncRNA_8827', 'lncrna_lncRNA_2788', 'lncrna_lncRNA_2789', 'lncrna_lncRNA_8825', 'lncrna_lncRNA_49713', 'lncrna_lncRNA_8823', 'lncrna_lncRNA_6687', 'lncrna_lncRNA_3364', 'lncrna_lncRNA_28777', 'methylation_CpG_ntLink_6_13134040', 'methylation_CpG_ntLink_6_13134052', 'methylation_CpG_ntLink_6_13134512', 'methylation_CpG_ntLink_6_13134796', 'methylation_CpG_ntLink_6_13134800', 'methylation_CpG_ptg000031l_10997042', 'methylation_CpG_ntLink_8_16166883', 'methylation_CpG_ptg000023l_1199651', 'methylation_CpG_ntLink_6_13134803', 'methylation_CpG_ptg000020l_10589616']"
SYAC_BOMMO_FUN_034805,21,0.11472686845157298,0.958364342421458,0.843637473969885,True,3.7116878792708974e-08,"['mirna_Cluster_5685', 'lncrna_lncRNA_51163', 'lncrna_lncRNA_8607', 'lncrna_lncRNA_091', 'lncrna_lncRNA_26973', 'lncrna_lncRNA_26974', 'lncrna_lncRNA_4042', 'lncrna_lncRNA_8793', 'lncrna_lncRNA_45246', 'lncrna_lncRNA_29826', 'lncrna_lncRNA_18169', 'methylation_CpG_ptg000030l_2148069', 'methylation_CpG_ptg000018l_8065391', 'methylation_CpG_ptg000018l_8065358', 'methylation_CpG_ptg000060c_58292', 'methylation_CpG_ptg000027l_11257081', 'methylation_CpG_ptg000011l_967757', 'methylation_CpG_ntLink_8_23080768', 'methylation_CpG_ptg000023l_17397315', 'methylation_CpG_ptg000011l_8391132', 'methylation_CpG_ptg000018l_8066422']"
FUN_000033,23,0.11174745094698257,0.954888204911008,0.8431407539640254,True,1.221861458566842e-06,"['mirna_Cluster_3227', 'mirna_Cluster_15097', 'mirna_Cluster_4752', 'lncrna_lncRNA_54259', 'lncrna_lncRNA_14029', 'lncrna_lncRNA_54261', 'lncrna_lncRNA_54262', 'lncrna_lncRNA_54260', 'lncrna_lncRNA_4016', 'lncrna_lncRNA_35034', 'lncrna_lncRNA_46046', 'lncrna_lncRNA_35035', 'lncrna_lncRNA_48697', 'methylation_CpG_ptg000016l_5715674', 'methylation_CpG_ptg000008l_25384626', 'methylation_CpG_ptg000027l_11257209', 'methylation_CpG_ptg000033l_1262372', 'methylation_CpG_ptg000008l_25384586', 'methylation_CpG_ptg000008l_25384624', 'methylation_CpG_ptg000025l_14126680', 'methylation_CpG_ptg000023l_36912999', 'methylation_CpG_ntLink_8_16166797', 'methylation_CpG_ptg000031l_13053283']"
PHNW_VIBVU_FUN_031405,21,0.07175810680306982,0.7999397109212096,0.7281816041181398,True,0.007167418885705934,"['mirna_Cluster_15097', 'lncrna_lncRNA_41154', 'lncrna_lncRNA_41155', 'lncrna_lncRNA_41157', 'lncrna_lncRNA_41158', 'lncrna_lncRNA_41161', 'lncrna_lncRNA_41162', 'lncrna_lncRNA_41156', 'lncrna_lncRNA_41159', 'lncrna_lncRNA_41160', 'lncrna_lncRNA_4117', 'methylation_CpG_ptg000031l_8422870', 'methylation_CpG_ptg000027l_11257209', 'methylation_CpG_ntLink_6_13134796', 'methylation_CpG_ptg000011l_8394047', 'methylation_CpG_ntLink_6_13134790', 'methylation_CpG_ptg000023l_17397288', 'methylation_CpG_ptg000031l_8422874', 'methylation_CpG_ptg000011l_8393678', 'methylation_CpG_ptg000016l_5715674', 'methylation_CpG_ptg000023l_36912999']"
NPFF1_RAT_FUN_023347,22,0.10543991977659761,0.9306968524777162,0.8252569327011186,True,8.666612647978411e-06,"['mirna_Cluster_14633', 'mirna_Cluster_11565', 'lncrna_lncRNA_30998', 'lncrna_lncRNA_7163', 'lncrna_lncRNA_8700', 'lncrna_lncRNA_22103', 'lncrna_lncRNA_18379', 'lncrna_lncRNA_18375', 'lncrna_lncRNA_27765', 'lncrna_lncRNA_18372', 'lncrna_lncRNA_30421', 'lncrna_lncRNA_27767', 'methylation_CpG_ptg000018l_8065358', 'methylation_CpG_ptg000018l_8065391', 'methylation_CpG_ptg000031l_8422811', 'methylation_CpG_ptg000027l_11257081', 'methylation_CpG_ptg000007l_9141311', 'methylation_CpG_ptg000007l_9141334', 'methylation_CpG_ptg000016l_5715746', 'methylation_CpG_ptg000021l_6264598', 'methylation_CpG_ptg000030l_2148069', 'methylation_CpG_ptg000047l_4021443']"
FUN_006720,21,0.07243570279524025,0.9315862079814221,0.8591505051861819,True,1.695734701323559e-06,"['mirna_Cluster_16354', 'lncrna_lncRNA_43475', 'lncrna_lncRNA_54401', 'lncrna_lncRNA_9209', 'lncrna_lncRNA_51349', 'lncrna_lncRNA_43434', 'lncrna_lncRNA_43432', 'lncrna_lncRNA_43430', 'lncrna_lncRNA_43431', 'lncrna_lncRNA_43436', 'lncrna_lncRNA_43435', 'methylation_CpG_ptg000018l_8066422', 'methylation_CpG_ptg000027l_11257122', 'methylation_CpG_ptg000011l_8391275', 'methylation_CpG_ptg000011l_967726', 'methylation_CpG_ptg000027l_11257173', 'methylation_CpG_ptg000027l_11257181', 'methylation_CpG_ptg000011l_8391292', 'methylation_CpG_ptg000011l_967757', 'methylation_CpG_ptg000012l_8971727', 'methylation_CpG_ptg000027l_11257209']"
FUN_025946,20,0.4236122963194586,0.8431346820643468,0.4195223857448882,True,0.018945336137953683,"['lncrna_lncRNA_25317', 'lncrna_lncRNA_208', 'lncrna_lncRNA_27845', 'lncrna_lncRNA_10083', 'lncrna_lncRNA_51251', 'lncrna_lncRNA_43351', 'lncrna_lncRNA_51646', 'lncrna_lncRNA_43427', 'lncrna_lncRNA_48132', 'lncrna_lncRNA_10115', 'methylation_CpG_ptg000011l_8391132', 'methylation_CpG_ptg000011l_8393678', 'methylation_CpG_ptg000031l_8422617', 'methylation_CpG_ptg000030l_3155863', 'methylation_CpG_ptg000011l_8391178', 'methylation_CpG_ptg000011l_8395967', 'methylation_CpG_ptg000027l_11256965', 'methylation_CpG_ptg000011l_8395954', 'methylation_CpG_ptg000023l_17397326', 'methylation_CpG_ptg000027l_11257081']"
FUN_033180,24,0.1296705690158655,0.9387173400889981,0.8090467710731326,True,4.465832586142415e-05,"['mirna_Cluster_2500', 'mirna_Cluster_4754', 'mirna_Cluster_16354', 'mirna_Cluster_9706', 'lncrna_lncRNA_21279', 'lncrna_lncRNA_53739', 'lncrna_lncRNA_54143', 'lncrna_lncRNA_54144', 'lncrna_lncRNA_23866', 'lncrna_lncRNA_23557', 'lncrna_lncRNA_23558', 'lncrna_lncRNA_46533', 'lncrna_lncRNA_26794', 'lncrna_lncRNA_2530', 'methylation_CpG_ptg000016l_5715686', 'methylation_CpG_ntLink_8_16166741', 'methylation_CpG_ptg000007l_10144971', 'methylation_CpG_ptg000031l_13053265', 'methylation_CpG_ptg000004l_4757487', 'methylation_CpG_ptg000016l_5715746', 'methylation_CpG_ptg000016l_5715722', 'methylation_CpG_ptg000012l_8046973', 'methylation_CpG_ptg000004l_4756886', 'methylation_CpG_ptg000047l_4021479']"
IF4B_HUMAN_FUN_022108,27,0.18334622430049774,0.9749025477996761,0.7915563234991784,True,1.1364345133602072e-05,"['mirna_Cluster_3226', 'mirna_Cluster_16354', 'mirna_Cluster_2500', 'mirna_Cluster_1836', 'mirna_Cluster_14532', 'mirna_Cluster_15097', 'mirna_Cluster_2746', 'lncrna_lncRNA_51163', 'lncrna_lncRNA_15062', 'lncrna_lncRNA_42940', 'lncrna_lncRNA_36641', 'lncrna_lncRNA_54181', 'lncrna_lncRNA_14576', 'lncrna_lncRNA_9209', 'lncrna_lncRNA_8600', 'lncrna_lncRNA_8599', 'lncrna_lncRNA_8607', 'methylation_CpG_ptg000009l_7035575', 'methylation_CpG_ptg000011l_967726', 'methylation_CpG_ptg000011l_967757', 'methylation_CpG_ptg000009l_7035570', 'methylation_CpG_ptg000009l_7035550', 'methylation_CpG_ptg000009l_7035562', 'methylation_CpG_ptg000030l_3155880', 'methylation_CpG_ntLink_6_13135371', 'methylation_CpG_ptg000020l_10589614', 'methylation_CpG_ptg000012l_8047014']"
FUN_029601,20,0.4968264867223535,0.8008979461734439,0.3040714594510904,False,0.18207221426839837,"['lncrna_lncRNA_6722', 'lncrna_lncRNA_6721', 'lncrna_lncRNA_38440', 'lncrna_lncRNA_25748', 'lncrna_lncRNA_22109', 'lncrna_lncRNA_22110', 'lncrna_lncRNA_8851', 'lncrna_lncRNA_43057', 'lncrna_lncRNA_22894', 'lncrna_lncRNA_48581', 'methylation_CpG_ptg000001l_3069507', 'methylation_CpG_ptg000031l_8422563', 'methylation_CpG_ptg000016l_3294380', 'methylation_CpG_ptg000001l_3069524', 'methylation_CpG_ptg000001l_3069526', 'methylation_CpG_ptg000023l_36913036', 'methylation_CpG_ptg000016l_3294397', 'methylation_CpG_ptg000060c_58292', 'methylation_CpG_ptg000016l_5715686', 'methylation_CpG_ptg000031l_8422617']"
FUN_037312,20,0.5591910504240147,0.938003032559189,0.3788119821351743,True,0.00012103624375381372,"['lncrna_lncRNA_30407', 'lncrna_lncRNA_4132', 'lncrna_lncRNA_36265', 'lncrna_lncRNA_19144', 'lncrna_lncRNA_49713', 'lncrna_lncRNA_8591', 'lncrna_lncRNA_2715', 'lncrna_lncRNA_13536', 'lncrna_lncRNA_3624', 'lncrna_lncRNA_31738', 'methylation_CpG_ptg000015l_6211723', 'methylation_CpG_ptg000016l_5715710', 'methylation_CpG_ptg000011l_8393629', 'methylation_CpG_ptg000047l_4021456', 'methylation_CpG_ptg000011l_8392776', 'methylation_CpG_ptg000015l_6211680', 'methylation_CpG_ptg000047l_4021443', 'methylation_CpG_ptg000012l_8047014', 'methylation_CpG_ptg000012l_8046997', 'methylation_CpG_ptg000023l_17397340']"
FUN_010589,30,0.32820244275697796,0.9327560200253826,0.6045535772684046,False,0.05439796083903137,"['mirna_Cluster_1833', 'mirna_Cluster_17192', 'mirna_Cluster_9706', 'mirna_Cluster_14165', 'mirna_Cluster_5685', 'mirna_Cluster_4752', 'mirna_Cluster_9366', 'mirna_Cluster_11565', 'mirna_Cluster_17186', 'mirna_Cluster_3227', 'lncrna_lncRNA_44663', 'lncrna_lncRNA_13550', 'lncrna_lncRNA_42143', 'lncrna_lncRNA_19770', 'lncrna_lncRNA_38625', 'lncrna_lncRNA_28465', 'lncrna_lncRNA_45601', 'lncrna_lncRNA_25843', 'lncrna_lncRNA_918', 'lncrna_lncRNA_1022', 'methylation_CpG_ptg000023l_17397315', 'methylation_CpG_ptg000007l_5089341', 'methylation_CpG_ptg000023l_14647558', 'methylation_CpG_ptg000007l_5089326', 'methylation_CpG_ptg000011l_8393332', 'methylation_CpG_ptg000011l_8393678', 'methylation_CpG_ntLink_6_13134052', 'methylation_CpG_ptg000018l_8066422', 'methylation_CpG_ntLink_6_13134032', 'methylation_CpG_ptg000020l_10589614']"
CNGA3_MOUSE_FUN_016380,30,0.19386871120949134,0.9453199773634313,0.75145126615394,True,0.013651723575226593,"['mirna_Cluster_11565', 'mirna_Cluster_1836', 'mirna_Cluster_3226', 'mirna_Cluster_2746', 'mirna_Cluster_9512', 'mirna_Cluster_10452', 'mirna_Cluster_5516', 'mirna_Cluster_14532', 'mirna_Cluster_17623', 'mirna_Cluster_9420', 'lncrna_lncRNA_19804', 'lncrna_lncRNA_19805', 'lncrna_lncRNA_2771', 'lncrna_lncRNA_18143', 'lncrna_lncRNA_21204', 'lncrna_lncRNA_370', 'lncrna_lncRNA_18144', 'lncrna_lncRNA_22276', 'lncrna_lncRNA_45057', 'lncrna_lncRNA_25690', 'methylation_CpG_ptg000009l_18122328', 'methylation_CpG_ptg000023l_29344852', 'methylation_CpG_ptg000011l_8395967', 'methylation_CpG_ptg000008l_25384626', 'methylation_CpG_ptg000008l_25384624', 'methylation_CpG_ptg000011l_8396017', 'methylation_CpG_ptg000011l_8395954', 'methylation_CpG_ptg000004l_4757204', 'methylation_CpG_ptg000011l_8394054', 'methylation_CpG_ptg000031l_8422617']"
